Src_files/Features,ACTION_SEND,ACTION_VIEW,Activity,Add,Android,Apache,Bundle,CharSequence,Class,DEFAULT_SORT,DefaultHttpClient,Didn,EXTRA_STATUS_RECEIVER,Error,File,FileNotFoundException,HttpClient,HttpEntity,HttpResponse,ImageCache,Inflate,Intent,LENGTH_LONG,LayoutInflater,List,ListPreference,Log,NOTIFICATION_ID,NOTIFICATION_SERVICE,NameNotFoundException,NotificationManager,Override,Private,R,Return,STATUS_COMPLETE,STATUS_ERROR,STATUS_RECEIVER,STATUS_RUNNING,Search,SearchManager,String,SyncService,TAG,TODO,TextUtils,ThumbnailTask,Thumbnails,Typeface,UnsupportedEncodingException,View,ViewGroup,ViewHolder,action,addImageToCache,android,apache,app,apps,are,ask,bad,boolean,break,bundle,cache,cancel,cancelAll,catch,cause,ceases,class,clauses,client,compress,compressed,convertView,createHttpClient,d,default,e,each,entity,error,false,fileName,final,finally,findViewById,folder,format,gameId,get,getAction,getAsString,getChildCount,getChildrenCount,getContent,getContext,getDataString,getDrawableFromCache,getEntity,getExistingImageFile,getExtras,getGameId,getHttpClient,getInt,getIntent,getItem,getItemId,getLayoutInflater,getLocation,getQuantity,getResources,getString,getSystemService,getTag,getTypeface,gt,holder,httpClient,i,id,if,impl,import,in,inflate,int,intent,into,isEmpty,it,java,layout,listThumbnail,mAdapter,mHttpClient,mInflater,mNotificationManager,mReceiver,mResolver,mThumbnail,mUseGzip,mView,make,match,max,menuInflater,message,messageId,new,nothing,null,of,off,onCreate,onResume,onSaveInstanceState,os,parseResponse,playCount,player,pollResultId,position,private,process,progress,protected,protocol,public,putString,putting,resolver,response,responses,restore,return,review,row,sHttpClient,savedInstanceState,search,selected,send,setAction,setContent,setEntity,setListAdapter,setMax,setQuantity,setTag,setTypeface,size,startActivity,static,store,stream,string,strings,substring,super,switch,t,task,thing,this,thumbnail,thumbnailUrl,thumbnails,toString,true,try,trying,useExact,useGzip,util,v,view,void,w,widget,with,year,tag_labels
\program_source_code\com\boardgamegeek\BggApplication.java,0,0,0,0,8,0,0,0,1,0,0,0,0,0,0,3,0,0,0,0,0,0,0,0,0,0,2,0,0,3,0,1,2,0,10,0,0,0,0,0,0,10,0,2,0,0,0,0,0,0,0,0,0,0,0,8,0,1,1,0,0,0,4,0,0,1,0,0,1,0,0,1,1,0,0,0,0,0,0,0,3,0,0,0,0,0,9,9,0,0,0,0,0,0,3,0,0,0,2,3,0,0,0,0,0,0,0,0,0,0,0,0,0,0,10,0,0,0,0,0,0,0,0,0,0,9,1,0,1,0,0,0,0,0,0,0,0,0,0,0,0,0,0,0,0,0,1,0,0,0,0,0,0,0,0,0,2,0,0,0,0,0,0,0,0,2,0,0,0,0,10,7,0,0,0,0,0,10,0,0,0,0,0,0,0,0,0,0,0,0,0,0,0,0,0,5,0,0,7,0,0,1,0,0,0,0,8,0,0,0,10,4,1,7,0,0,1,0,0,1,0,0,0,0,n
\program_source_code\com\boardgamegeek\io\RemoteArtistHandler.java,0,0,0,0,5,0,0,0,1,0,0,0,0,0,0,0,0,0,0,0,0,0,0,0,0,0,2,0,0,0,0,1,4,0,2,0,0,0,0,0,0,9,0,2,0,0,0,0,0,0,0,0,0,0,0,5,0,0,0,0,0,0,1,0,0,0,0,0,0,0,0,1,1,0,0,0,0,0,0,0,0,0,0,0,2,0,2,2,0,0,0,0,0,0,0,0,0,0,0,0,0,0,0,0,0,0,0,0,0,0,0,0,0,0,9,0,0,0,0,0,0,0,0,8,0,10,6,0,6,0,5,0,5,1,0,0,0,0,0,0,0,5,0,0,0,0,0,0,0,0,0,1,0,7,0,0,0,0,0,0,0,0,0,0,0,4,0,0,0,0,4,9,0,5,0,0,0,2,0,0,0,0,0,0,0,0,0,0,0,0,0,0,0,0,0,5,0,0,9,0,0,2,0,0,0,0,0,0,0,0,9,0,0,9,0,0,1,0,0,1,1,0,0,0,n
\program_source_code\com\boardgamegeek\io\RemoteBuddiesHandler.java,0,0,0,0,6,0,0,0,1,0,0,0,0,0,0,0,0,0,0,0,0,0,0,0,0,0,2,0,0,0,0,1,4,0,1,0,0,0,0,0,0,9,0,2,0,0,0,0,0,0,0,0,0,0,0,6,0,0,0,0,0,0,1,0,0,0,0,0,0,0,0,1,1,0,0,0,0,0,0,0,0,0,0,0,0,0,4,4,0,0,0,0,0,0,0,0,0,0,0,0,0,0,0,0,0,0,0,0,0,0,0,0,0,0,9,0,0,0,0,0,0,1,5,5,0,10,9,0,9,0,9,0,9,1,0,0,0,0,0,0,0,6,0,0,0,0,0,0,0,0,0,1,0,10,0,0,0,0,0,0,0,0,0,0,0,4,0,0,0,0,3,9,0,6,0,0,0,1,0,0,0,0,0,0,0,0,0,0,0,0,0,0,0,0,0,5,0,0,9,0,0,1,0,0,0,0,0,0,0,0,9,0,1,9,0,0,2,0,0,1,0,0,0,0,n
\program_source_code\com\boardgamegeek\io\RemoteBuddyUserHandler.java,0,0,0,0,5,0,0,0,1,0,0,0,0,0,0,0,0,0,0,0,0,0,0,0,0,0,2,0,0,0,0,1,3,0,1,0,0,0,0,0,0,10,0,2,0,0,0,0,0,0,0,0,0,0,0,5,0,0,0,0,0,0,1,0,0,0,0,0,0,0,0,1,1,0,0,0,0,0,0,0,0,0,0,0,1,0,4,4,0,0,0,0,0,0,0,0,0,0,0,0,0,0,0,0,0,0,0,0,0,0,0,0,0,0,10,0,0,0,0,0,0,0,4,6,0,10,5,0,5,0,4,0,4,1,0,0,0,0,0,0,0,5,0,0,0,0,0,0,0,0,0,1,0,7,0,0,0,0,0,0,0,0,0,0,0,3,0,0,0,0,3,10,0,5,0,0,0,1,0,0,0,0,0,0,0,0,0,0,0,0,0,0,0,0,0,4,0,0,10,0,0,1,0,0,0,0,0,0,0,0,10,0,0,10,0,0,2,0,0,1,1,0,0,0,n
\program_source_code\com\boardgamegeek\io\RemoteCollectionHandler.java,0,0,0,0,5,0,0,0,1,0,0,0,0,0,0,0,0,0,0,0,0,0,0,0,0,0,4,0,0,0,0,1,10,0,2,0,0,0,0,0,0,10,0,4,3,0,0,1,0,0,0,0,0,0,0,5,0,0,0,0,0,0,1,0,0,0,0,0,0,0,0,1,1,0,0,0,0,0,0,0,0,0,0,0,1,0,6,6,0,0,0,8,0,0,0,0,0,0,0,0,0,0,0,0,8,0,0,0,0,0,0,0,0,0,10,0,0,0,0,0,0,3,0,10,0,10,10,0,10,0,10,0,10,1,0,1,0,0,0,0,0,10,1,0,0,0,0,0,0,0,0,4,0,10,0,0,0,0,0,0,0,0,0,0,0,10,0,0,0,0,3,10,0,10,0,0,0,2,0,0,0,0,0,0,0,0,0,0,0,0,0,0,0,0,0,5,0,0,10,0,0,1,0,0,0,0,0,1,1,1,10,0,2,10,0,0,2,0,0,4,0,0,0,0,n
\program_source_code\com\boardgamegeek\io\RemoteDesignerHandler.java,0,0,0,0,5,0,0,0,1,0,0,0,0,0,0,0,0,0,0,0,0,0,0,0,0,0,2,0,0,0,0,1,4,0,2,0,0,0,0,0,0,9,0,2,0,0,0,0,0,0,0,0,0,0,0,5,0,0,0,0,0,0,1,0,0,0,0,0,0,0,0,1,1,0,0,0,0,0,0,0,0,0,0,0,2,0,2,2,0,0,0,0,0,0,0,0,0,0,0,0,0,0,0,0,0,0,0,0,0,0,0,0,0,0,9,0,0,0,0,0,0,0,0,8,0,10,6,0,6,0,5,0,5,1,0,0,0,0,0,0,0,5,0,0,0,0,0,0,0,0,0,1,0,7,0,0,0,0,0,0,0,0,0,0,0,4,0,0,0,0,4,9,0,5,0,0,0,2,0,0,0,0,0,0,0,0,0,0,0,0,0,0,0,0,0,5,0,0,9,0,0,2,0,0,0,0,0,0,0,0,9,0,0,9,0,0,1,0,0,1,1,0,0,0,n
\program_source_code\com\boardgamegeek\io\RemoteExecutor.java,0,0,0,0,2,5,0,0,1,0,0,0,0,0,0,0,8,0,2,0,0,0,0,0,0,0,2,0,0,0,0,0,5,0,3,0,0,0,0,0,0,4,0,2,0,0,0,0,0,0,0,0,0,0,0,2,5,0,0,0,0,0,2,0,0,2,0,0,2,0,0,1,1,3,0,0,0,0,0,0,4,0,1,0,0,0,8,8,0,0,0,0,0,0,0,0,0,1,1,0,0,1,0,0,0,6,0,1,0,0,0,0,1,0,4,0,0,0,0,0,8,0,0,3,0,10,2,0,2,0,2,0,2,2,0,0,0,8,0,0,0,0,0,0,0,0,2,0,0,0,0,4,0,3,0,0,0,0,0,0,0,0,0,0,0,5,0,0,0,0,5,4,0,0,8,8,0,3,0,0,8,0,0,0,0,0,1,1,0,0,0,0,0,0,0,3,0,0,3,0,0,0,0,0,0,0,0,0,0,0,4,0,2,3,0,0,1,1,0,1,0,0,0,0,n
\program_source_code\com\boardgamegeek\io\RemoteGameHandler.java,0,0,0,0,4,0,0,0,1,0,0,0,0,0,0,0,0,0,0,0,0,0,0,0,10,0,0,0,0,0,0,1,10,0,10,0,0,0,0,0,0,10,0,1,0,0,0,1,0,0,0,0,0,0,0,4,0,0,0,0,0,0,1,1,0,0,0,0,0,0,0,1,1,0,0,0,0,0,0,0,0,0,0,0,1,0,10,10,0,0,0,0,0,0,2,0,0,0,0,2,0,0,0,0,0,0,2,2,0,0,0,0,0,0,10,0,0,0,0,0,0,0,10,10,0,10,10,0,10,0,10,0,10,3,0,1,0,0,0,0,0,10,1,0,0,0,0,0,0,0,0,10,0,10,0,0,0,0,0,0,0,0,10,0,0,10,0,0,0,0,3,10,0,10,0,0,0,10,0,0,0,0,0,0,0,0,0,0,0,0,0,0,0,1,0,5,0,0,10,0,0,1,0,0,0,0,0,1,1,1,10,1,4,10,0,0,3,0,0,10,0,0,0,0,n
\program_source_code\com\boardgamegeek\io\RemotePublisherHandler.java,0,0,0,0,5,0,0,0,1,0,0,0,0,0,0,0,0,0,0,0,0,0,0,0,0,0,2,0,0,0,0,1,4,0,2,0,0,0,0,0,0,9,0,2,0,0,0,0,0,0,0,0,0,0,0,5,0,0,0,0,0,0,1,0,0,0,0,0,0,0,0,1,1,0,0,0,0,0,0,0,0,0,0,0,2,0,2,2,0,0,0,0,0,0,0,0,0,0,0,0,0,0,0,0,0,0,0,0,0,0,0,0,0,0,9,0,0,0,0,0,0,0,0,8,0,10,6,0,6,0,5,0,5,1,0,0,0,0,0,0,0,5,0,0,0,0,0,0,0,0,0,1,0,7,0,0,0,0,0,0,0,0,0,0,0,4,0,0,0,0,4,9,0,5,0,0,0,2,0,0,0,0,0,0,0,0,0,0,0,0,0,0,0,0,0,5,0,0,9,0,0,2,0,0,0,0,0,0,0,0,9,0,0,9,0,0,1,0,0,1,1,0,0,0,n
\program_source_code\com\boardgamegeek\io\RemoteSearchHandler.java,0,0,0,0,1,0,0,0,1,0,0,0,0,0,0,0,0,0,0,0,0,0,0,0,3,0,0,0,0,0,0,1,7,0,5,0,0,0,0,0,0,10,0,1,0,0,0,0,0,0,0,0,0,0,0,1,0,0,0,0,0,0,3,2,0,0,0,0,0,0,0,1,1,0,0,0,0,0,0,0,0,0,0,0,1,0,3,3,0,0,0,0,0,0,0,0,0,0,0,0,0,0,0,0,0,0,0,0,0,0,0,0,0,0,10,0,0,0,0,0,0,0,2,10,0,10,7,0,7,0,7,0,7,3,0,0,0,0,0,0,0,1,0,0,0,0,0,0,0,0,0,2,0,5,0,0,0,0,0,0,0,0,0,0,0,7,0,0,0,0,6,10,0,1,0,0,0,5,0,0,0,0,0,0,0,0,0,0,0,0,0,0,0,1,0,5,0,0,10,0,0,1,0,0,0,0,0,0,0,0,10,5,0,10,0,0,3,0,0,1,0,0,0,0,n
\program_source_code\com\boardgamegeek\io\SearchResult.java,0,0,0,0,0,0,0,0,1,0,0,0,0,0,0,0,0,0,0,0,0,0,0,0,0,0,0,0,0,0,0,0,0,0,0,0,0,0,0,0,0,1,0,0,0,0,0,0,0,0,0,0,0,0,0,0,0,0,0,0,0,0,1,0,0,0,0,0,0,0,0,1,1,0,0,0,0,0,0,0,0,0,0,0,0,0,0,0,0,0,0,0,0,0,0,0,0,0,0,0,0,0,0,0,0,0,0,0,0,0,0,0,0,0,1,0,0,0,0,0,0,0,0,0,0,0,2,0,2,0,2,0,2,0,0,0,0,0,0,0,0,0,0,0,0,0,0,0,0,0,0,0,0,0,0,0,0,0,0,0,0,0,0,0,0,0,0,0,0,0,5,1,0,0,0,0,0,0,0,0,0,0,0,0,0,0,0,0,0,0,0,0,0,0,0,0,0,0,1,0,0,0,0,0,0,0,0,0,0,0,1,0,0,1,0,0,0,0,0,0,0,0,0,0,n
\program_source_code\com\boardgamegeek\io\XmlHandler.java,0,0,0,0,1,0,0,0,2,0,0,0,0,0,0,0,0,0,0,0,0,0,0,0,0,0,0,0,0,0,0,1,2,0,3,0,0,0,0,0,0,7,0,0,0,0,0,0,0,0,0,0,0,0,0,1,0,0,0,0,0,0,2,0,0,2,0,0,2,2,0,2,4,0,0,0,0,0,0,0,4,0,0,0,0,0,2,2,0,0,0,0,0,0,0,0,0,0,0,0,0,0,0,0,0,0,0,0,0,0,0,0,0,0,7,0,0,0,0,0,0,0,0,1,0,4,0,0,1,0,0,0,1,1,0,0,0,0,0,0,0,3,0,0,0,0,2,0,0,4,4,2,0,1,0,0,0,0,0,0,0,0,0,0,0,2,0,0,0,0,8,7,0,3,2,2,0,3,0,0,0,0,0,0,0,0,0,0,0,0,0,0,0,0,0,2,0,0,6,0,0,2,0,1,0,0,1,0,0,0,7,0,1,6,0,0,0,0,0,0,0,0,0,0,n
\program_source_code\com\boardgamegeek\pref\ClearDialogPreference.java,0,0,0,0,10,0,0,0,2,0,0,0,0,0,0,0,0,0,0,2,0,0,0,0,0,0,4,0,0,0,0,5,4,4,2,0,0,0,0,0,0,4,0,4,0,0,0,0,0,0,2,0,0,0,2,10,0,0,0,0,0,0,1,0,0,2,0,0,2,0,0,2,2,0,0,0,0,0,3,0,0,0,0,0,0,0,1,1,0,0,0,0,0,0,0,0,0,2,6,0,0,0,0,0,0,0,0,0,0,0,0,0,0,1,3,0,0,0,0,0,0,0,0,2,0,10,3,0,3,0,3,0,3,0,0,0,0,0,0,0,0,9,0,0,2,0,0,0,0,0,0,2,0,10,0,0,0,0,0,1,0,0,0,0,0,4,0,0,5,0,3,3,0,9,0,0,0,2,1,0,0,0,0,0,0,0,2,0,0,0,0,0,0,0,0,1,0,0,4,1,1,2,0,0,0,0,1,0,0,0,3,0,0,4,0,0,3,0,1,3,0,2,0,0,n
\program_source_code\com\boardgamegeek\pref\Preferences.java,0,0,0,0,4,0,2,0,1,0,0,0,0,0,0,0,0,0,0,0,0,0,0,0,0,1,0,0,0,0,0,1,0,2,0,0,0,0,0,0,0,1,0,0,0,0,0,0,0,0,0,0,0,0,0,4,0,0,0,0,0,0,0,0,2,0,0,0,0,0,0,1,1,0,0,0,0,0,0,0,0,0,0,0,0,0,0,0,0,0,0,0,0,0,0,0,0,0,0,0,0,0,0,0,0,0,0,0,0,0,0,0,0,0,1,0,0,0,0,0,0,0,0,0,0,5,0,0,0,0,0,0,0,0,0,0,0,0,0,0,0,0,0,0,0,0,0,0,0,0,0,0,0,0,0,0,2,0,2,1,0,0,0,0,0,0,0,0,0,0,3,1,0,0,0,0,0,0,0,0,0,2,0,0,0,0,0,0,0,0,0,0,0,0,0,0,0,0,1,0,0,1,0,0,0,0,0,0,0,0,1,0,0,1,0,0,0,0,0,2,0,0,0,0,n
\program_source_code\com\boardgamegeek\provider\BggContract.java,0,0,0,0,10,0,0,0,10,10,0,0,0,0,0,0,0,0,0,0,0,0,0,0,0,0,0,0,0,0,0,0,10,0,10,0,0,0,0,0,0,10,0,0,0,2,1,2,0,0,0,0,0,0,0,10,0,0,0,0,0,0,1,0,0,0,0,0,0,0,0,10,10,0,0,0,0,0,0,0,0,0,0,0,1,0,10,10,0,0,0,10,9,0,0,0,0,0,0,0,0,0,0,0,10,0,0,0,1,1,0,0,0,0,10,0,0,0,9,0,0,0,2,3,0,5,10,0,10,0,10,1,10,0,0,0,0,0,0,0,0,0,2,0,0,0,0,0,0,0,0,0,0,0,0,0,0,0,0,0,0,0,0,0,0,10,0,0,0,0,10,10,0,0,0,0,0,10,0,0,0,0,0,0,0,0,0,0,0,0,0,0,0,0,0,10,0,0,10,0,0,0,0,0,0,0,0,3,2,2,10,1,0,10,0,0,1,0,0,0,0,0,0,0,n
\program_source_code\com\boardgamegeek\provider\BggDatabase.java,0,0,0,0,5,0,0,0,1,0,0,0,0,0,0,0,0,0,0,0,0,0,0,0,0,0,3,0,0,0,0,2,6,0,2,0,0,0,0,0,0,10,0,3,0,0,0,0,0,0,0,0,0,0,0,5,0,0,0,0,0,0,0,0,0,0,0,0,0,0,0,1,1,0,0,0,0,0,1,0,0,0,0,0,0,0,3,3,0,0,0,0,0,0,0,0,0,0,2,0,0,0,0,0,0,0,0,0,0,0,0,0,0,0,10,0,0,0,0,0,0,0,0,1,0,10,3,0,3,0,3,0,3,0,0,0,0,0,0,0,0,0,0,0,0,0,0,0,0,0,0,1,0,1,0,0,2,0,0,0,0,0,0,0,0,6,0,0,0,0,9,10,0,0,0,0,0,2,0,0,0,0,0,0,0,0,0,0,0,0,0,0,0,0,0,5,0,0,10,0,0,1,0,0,0,0,0,0,0,0,10,10,0,10,0,0,3,0,0,2,1,0,0,0,n
\program_source_code\com\boardgamegeek\service\SyncBuddiesDetail.java,0,0,0,0,4,0,0,0,1,0,0,0,0,0,0,0,0,0,0,0,0,0,0,0,0,0,2,0,0,0,0,2,2,2,1,0,0,0,0,0,0,5,0,2,0,0,0,0,0,0,0,0,0,0,0,4,0,0,0,0,0,0,0,0,0,0,0,0,0,0,0,1,1,0,0,0,0,0,0,0,0,0,0,0,0,0,5,5,0,0,1,0,0,0,1,0,0,0,2,1,0,0,0,0,0,0,0,0,0,0,0,0,0,0,4,0,0,0,0,0,0,0,0,2,0,10,2,0,2,0,2,0,2,1,0,0,0,0,0,0,0,2,0,0,0,0,0,0,0,0,0,2,0,5,0,0,0,0,0,0,0,0,0,0,0,2,0,0,0,0,3,3,0,2,0,0,0,1,0,0,0,0,0,0,0,0,0,0,0,0,0,0,0,0,0,2,0,0,4,1,1,0,0,0,0,0,0,0,0,0,4,0,1,4,0,0,3,1,0,1,0,0,0,0,n
\program_source_code\com\boardgamegeek\service\SyncBuddiesList.java,0,0,0,0,2,0,0,0,1,0,0,0,0,0,0,0,0,0,0,0,0,0,0,0,0,0,0,0,0,0,0,2,0,2,1,0,0,0,0,0,0,3,0,0,0,0,0,0,0,0,0,0,0,0,0,2,0,0,0,0,0,0,0,0,0,0,0,0,0,0,0,1,1,0,0,0,0,0,0,0,0,0,0,0,0,0,1,1,0,0,0,0,0,0,0,0,0,0,2,0,0,0,0,0,0,0,0,0,0,0,0,0,0,0,2,0,0,0,0,0,0,0,0,0,0,9,1,0,1,0,1,0,1,0,0,0,0,0,0,0,0,2,0,0,0,0,0,0,0,0,0,2,0,0,0,0,0,0,0,0,0,0,0,0,0,0,0,0,0,0,3,2,0,2,0,0,0,1,0,0,0,0,0,0,0,0,0,0,0,0,0,0,0,0,0,0,0,0,3,1,1,0,0,0,0,0,0,0,0,0,2,1,0,3,0,0,1,0,0,1,0,0,0,0,n
\program_source_code\com\boardgamegeek\service\SyncCollectionDetail.java,0,0,0,0,4,0,0,0,1,0,0,0,0,0,0,0,0,0,0,0,0,0,0,0,2,0,0,0,0,0,0,2,3,2,1,0,0,0,0,0,0,7,0,0,0,0,0,0,0,0,0,0,0,0,0,4,0,0,0,0,0,0,0,0,0,0,0,0,0,0,0,1,1,0,0,0,0,0,0,0,0,0,0,0,0,0,4,4,0,0,1,0,0,0,1,0,0,0,2,1,0,0,0,0,0,0,0,0,0,0,0,0,0,0,6,0,0,0,0,0,0,0,6,3,0,10,4,0,4,0,4,0,4,2,0,0,0,0,0,0,0,2,0,0,0,0,0,0,0,0,0,5,0,3,0,0,0,0,0,0,0,0,0,0,0,3,0,0,0,0,3,5,0,2,0,0,0,1,0,0,0,0,0,0,0,0,0,0,0,0,0,0,0,0,0,2,0,0,6,1,1,0,0,0,0,0,0,0,0,0,6,0,1,6,0,0,3,0,0,1,0,0,0,0,n
\program_source_code\com\boardgamegeek\service\SyncCollectionList.java,0,0,0,0,2,0,0,0,1,0,0,0,0,0,0,0,0,0,0,0,0,0,0,0,2,0,0,0,0,0,0,2,1,2,1,0,0,0,0,0,0,6,0,0,0,0,0,0,0,0,0,0,0,0,0,2,0,0,0,0,0,0,0,0,0,0,0,0,0,0,0,1,1,0,0,0,0,0,0,0,0,0,0,0,0,0,1,1,0,0,0,0,0,0,0,0,0,0,2,0,0,0,0,0,0,0,0,0,0,0,0,0,0,0,5,0,0,0,0,0,0,5,0,1,0,10,2,0,2,0,2,0,2,2,0,0,0,0,0,0,0,2,0,0,0,0,0,0,0,0,0,3,0,1,0,0,0,0,0,0,0,0,0,0,0,1,0,0,0,0,3,5,0,2,0,0,0,1,0,0,0,0,0,0,0,0,0,0,0,0,0,0,0,0,0,0,0,0,6,1,1,0,0,0,0,0,0,0,0,0,5,0,0,6,0,0,3,0,0,1,0,0,0,0,n
\program_source_code\com\boardgamegeek\service\SyncTask.java,0,0,0,0,1,0,0,0,1,0,0,0,0,0,0,0,0,0,0,0,0,0,0,0,0,0,0,0,0,0,0,0,0,0,0,0,0,0,0,0,0,0,0,0,0,0,0,0,0,0,0,0,0,0,0,1,0,0,0,0,0,0,0,0,0,0,0,0,0,0,0,1,1,0,0,0,0,0,0,0,0,0,0,0,0,0,0,0,0,0,0,0,0,0,0,0,0,0,2,0,0,0,0,0,0,0,0,0,0,0,0,0,0,0,0,0,0,0,0,0,0,0,0,0,0,3,1,0,1,0,1,0,1,0,0,0,0,0,0,0,0,0,0,0,0,0,0,0,0,0,0,0,0,0,0,0,0,0,0,0,0,0,0,0,0,0,0,0,0,0,3,0,0,0,0,0,0,0,0,0,0,0,0,0,0,0,0,0,0,0,0,0,0,0,0,0,0,0,0,0,0,0,0,0,0,0,0,0,0,0,0,0,0,0,0,0,0,0,0,1,0,0,0,0,n
\program_source_code\com\boardgamegeek\ui\AboutActivity.java,0,0,2,0,4,0,2,1,1,0,0,0,0,0,0,0,0,0,0,0,0,0,0,0,0,0,0,0,0,0,0,2,1,3,0,0,0,0,0,0,0,0,0,0,0,0,0,0,0,0,3,0,0,0,0,4,0,1,1,0,0,0,0,0,2,0,0,0,0,0,0,1,1,0,0,0,0,0,0,0,0,0,0,0,0,0,0,0,1,0,0,0,0,0,0,0,0,0,0,0,0,0,0,0,0,0,0,0,0,0,0,0,0,0,0,0,0,0,0,0,0,0,1,0,0,6,0,0,0,0,0,0,0,0,1,0,0,0,0,0,0,0,0,0,3,0,0,0,0,0,0,0,0,0,0,0,2,0,0,1,0,1,0,0,0,1,0,0,0,0,5,0,0,0,0,0,0,0,1,0,0,0,0,0,0,0,1,0,0,0,0,0,0,0,0,0,0,0,0,0,0,1,0,0,0,0,3,0,0,0,0,0,0,0,0,0,1,2,1,4,0,0,0,0,n
\program_source_code\com\boardgamegeek\ui\BoardgameActivity.java,2,4,2,0,10,1,2,1,10,0,0,0,0,0,0,0,5,0,0,2,2,10,0,1,0,0,3,0,0,0,0,10,10,10,10,0,0,0,0,0,0,10,0,3,0,2,2,8,0,0,10,0,0,0,2,10,1,1,2,0,0,0,7,0,2,1,0,0,1,8,8,10,10,1,0,0,0,1,1,0,3,0,0,0,5,0,10,10,10,0,2,7,0,3,6,0,0,2,1,6,0,0,0,0,4,6,2,10,1,1,1,0,0,3,10,0,0,0,0,0,5,6,10,7,0,10,10,2,10,10,10,1,10,1,2,0,0,5,2,0,0,0,10,0,10,0,1,0,5,4,4,10,0,4,0,0,2,0,2,3,0,2,0,0,0,10,0,0,8,0,10,10,0,0,0,0,0,10,4,0,5,2,0,0,0,3,2,0,0,0,0,0,0,0,4,3,0,0,10,10,10,6,1,0,0,0,10,6,5,6,10,10,2,10,0,0,7,3,4,10,0,4,1,0,n
\program_source_code\com\boardgamegeek\ui\BuddiesActivity.java,0,1,2,0,10,0,2,1,2,1,0,0,0,0,0,0,0,0,0,0,1,4,0,1,0,0,0,0,0,0,0,4,5,8,1,0,0,0,0,0,0,5,0,0,0,0,0,0,0,0,7,2,0,0,0,10,0,1,1,0,0,0,0,0,2,0,0,0,0,0,0,2,2,0,0,0,0,0,0,0,0,0,0,0,1,0,5,5,4,0,0,0,0,0,3,0,0,1,4,3,0,0,0,0,0,0,2,5,1,1,1,0,0,0,4,0,0,0,0,0,0,0,5,0,0,10,8,1,8,3,8,0,8,0,2,0,5,0,0,0,0,0,0,0,7,0,0,0,0,0,0,3,0,3,0,0,2,0,2,1,0,2,0,0,2,5,0,0,2,0,8,1,0,0,0,0,0,1,5,0,0,2,0,0,0,0,1,0,1,0,0,0,0,0,3,0,0,0,2,1,1,2,0,0,0,0,6,0,0,0,4,0,0,2,0,0,3,3,5,8,0,4,0,0,n
\program_source_code\com\boardgamegeek\ui\BuddyActivity.java,0,0,2,0,10,0,2,1,2,0,0,0,0,0,0,0,0,0,0,2,0,5,0,0,0,0,0,0,0,0,0,5,9,8,2,0,0,0,0,0,0,10,0,1,0,0,0,0,0,0,7,0,0,0,2,10,0,1,1,0,0,0,0,0,2,0,0,0,0,0,0,2,2,0,0,0,0,0,0,0,0,0,0,0,0,0,4,4,6,0,0,0,0,0,5,0,0,1,0,5,0,0,0,0,0,0,1,3,0,0,0,0,0,0,10,0,0,0,0,0,0,0,6,3,0,10,6,0,6,4,6,0,6,0,1,0,0,0,0,0,0,0,0,0,7,0,0,0,0,0,0,2,0,1,0,0,2,0,2,2,0,1,0,0,0,9,0,0,4,0,5,5,0,0,0,0,0,2,1,0,0,2,0,0,0,0,1,0,0,0,0,0,0,0,0,1,0,0,5,0,0,1,0,0,0,0,6,0,0,0,10,0,1,5,0,0,4,2,1,7,0,2,0,0,n
\program_source_code\com\boardgamegeek\ui\GameInfoActivityTab.java,0,0,2,0,10,0,2,0,3,0,0,0,0,0,0,0,0,0,0,0,0,1,1,0,0,0,3,0,0,0,0,5,10,10,10,0,0,0,0,0,0,10,0,3,0,0,0,0,0,0,5,0,0,0,0,10,0,1,1,0,0,0,2,1,2,0,0,0,0,0,0,3,3,0,0,0,0,0,2,0,0,0,0,0,0,0,10,10,10,0,1,4,0,0,9,0,0,1,0,9,0,0,0,0,4,0,8,8,0,0,0,0,0,6,10,0,0,0,0,0,0,0,10,10,0,10,10,0,10,0,10,0,10,1,1,0,0,0,0,0,0,0,0,0,8,0,0,0,0,0,0,4,0,2,0,0,2,0,2,2,0,1,0,0,0,10,0,0,3,0,7,9,0,0,0,0,0,10,1,0,0,2,0,0,0,0,1,0,0,0,0,0,0,0,0,4,0,0,10,7,7,5,0,0,0,0,2,0,0,0,10,2,1,10,0,0,4,0,1,9,0,4,0,3,n
\program_source_code\com\boardgamegeek\ui\GameListsActivityTab.java,0,0,0,0,10,1,2,0,10,10,0,0,0,0,0,0,10,0,0,0,0,1,0,0,10,0,7,0,0,0,0,10,10,10,6,0,0,0,0,0,0,10,0,7,0,2,0,0,0,0,2,0,0,0,0,10,1,2,2,0,0,0,10,0,2,3,0,0,3,0,0,10,10,1,0,0,0,3,3,0,9,0,0,0,1,0,10,10,1,0,0,7,4,0,4,0,0,1,0,4,0,0,0,0,7,10,4,4,0,0,0,0,0,2,10,0,0,0,4,0,10,5,10,10,0,10,10,0,10,0,10,1,10,5,2,0,4,10,0,0,0,0,0,0,2,0,3,0,0,2,2,10,0,10,0,0,2,0,2,3,0,2,0,0,0,10,0,0,10,0,10,10,0,0,0,0,0,6,1,0,10,2,0,0,0,0,1,0,1,0,0,0,0,7,0,10,0,0,10,9,9,10,0,0,0,0,9,0,0,0,10,10,4,10,0,0,10,2,1,10,0,6,0,0,n
\program_source_code\com\boardgamegeek\ui\ImageActivity.java,0,0,2,0,8,0,2,1,2,0,0,0,0,0,0,0,0,0,0,2,0,7,0,0,0,0,0,0,0,0,0,5,5,7,2,0,0,0,0,0,0,7,0,1,0,0,0,0,0,0,7,0,0,0,2,8,0,1,1,0,0,0,1,0,2,1,0,0,1,0,0,2,2,0,0,0,0,0,0,0,1,0,0,0,1,0,4,4,5,0,0,0,0,0,0,0,0,1,0,0,0,0,0,0,0,0,1,3,0,0,0,0,0,0,7,0,0,0,0,0,0,0,5,2,0,10,0,0,0,6,0,0,0,0,1,0,0,0,0,0,0,0,0,0,7,0,1,0,0,0,0,1,0,2,0,0,2,0,2,2,0,1,0,0,0,5,0,0,4,0,6,7,0,0,0,0,0,2,1,0,0,2,0,0,0,0,1,0,0,0,0,0,0,0,0,3,0,0,7,0,0,1,0,0,0,0,5,0,0,0,7,1,1,7,0,0,2,2,1,6,0,2,0,0,n
\program_source_code\com\boardgamegeek\util\CreateTableBuilder.java,0,0,0,0,4,0,0,0,2,0,0,0,0,0,0,0,0,0,0,0,0,0,0,0,3,0,2,0,0,0,0,0,10,0,10,0,0,0,0,0,0,10,0,2,0,6,0,0,0,0,0,0,0,0,0,4,0,0,0,0,0,0,6,0,0,0,0,0,0,0,0,2,2,0,0,0,0,0,1,0,0,0,0,0,3,0,1,1,0,0,0,0,1,0,0,0,0,0,0,0,0,0,0,0,0,0,0,0,0,0,0,0,0,0,10,0,0,0,1,0,0,5,0,9,0,6,1,0,1,0,1,5,1,2,0,0,0,0,0,0,0,0,0,0,0,0,0,0,0,0,0,10,0,9,0,0,0,0,0,0,0,0,0,0,0,10,0,0,0,0,10,10,0,0,0,0,0,10,0,0,0,0,0,0,0,0,0,0,0,0,0,0,0,2,0,1,0,0,10,0,1,0,0,0,0,0,6,0,0,0,10,0,0,10,0,0,4,0,0,2,0,0,0,0,n
\program_source_code\com\boardgamegeek\util\DateTimeUtils.java,0,0,0,0,1,0,0,0,1,0,0,0,0,0,0,0,0,0,0,0,0,0,0,0,0,0,0,0,0,0,0,0,1,0,2,0,0,0,0,0,0,0,0,0,0,0,0,0,0,0,0,0,0,0,0,1,0,0,0,0,0,0,0,0,0,0,0,0,0,0,0,1,1,0,0,0,0,0,0,0,0,0,0,0,0,0,0,0,0,0,1,0,0,0,0,0,0,0,0,0,0,0,0,0,0,0,0,0,0,0,0,0,0,0,0,0,0,0,0,0,0,0,0,0,0,1,4,0,4,0,4,0,4,0,0,0,0,0,0,0,0,0,0,0,0,0,0,0,0,0,0,0,0,0,0,0,0,0,0,0,0,0,0,0,0,1,0,0,0,0,3,0,0,0,0,0,0,2,0,0,0,0,0,0,0,0,0,0,0,0,0,0,0,0,0,2,0,0,0,0,0,0,0,0,0,0,0,0,0,0,0,0,0,0,0,0,1,0,0,0,0,0,0,0,n
\program_source_code\com\boardgamegeek\util\DetachableResultReceiver.java,0,0,1,0,5,2,3,0,1,0,0,0,0,0,0,0,0,0,0,0,0,0,0,0,0,0,2,0,0,0,0,1,2,0,0,0,0,0,0,0,0,2,0,2,0,0,0,0,0,0,0,0,0,0,0,5,2,1,1,0,0,0,0,0,3,0,0,0,0,0,0,1,1,0,0,0,0,0,0,0,0,0,0,0,0,0,1,1,0,0,0,0,0,0,0,0,0,0,0,0,0,0,0,0,0,0,0,0,0,0,0,0,0,0,2,0,0,0,0,0,0,0,0,1,0,4,4,0,4,0,2,0,2,0,0,0,0,0,0,0,10,0,0,0,0,0,0,0,0,0,0,0,0,2,1,1,0,0,0,3,0,0,0,0,0,2,0,0,1,0,6,2,0,0,0,0,0,0,0,0,0,0,0,0,0,0,0,0,0,0,0,0,0,0,0,1,0,0,1,0,0,1,1,0,0,0,1,0,0,0,2,0,0,1,0,0,3,0,0,4,1,0,1,0,n
\program_source_code\com\boardgamegeek\util\NotifyingAsyncQueryHandler.java,0,0,0,0,8,2,0,0,1,0,0,0,0,0,0,0,0,0,0,0,0,0,0,0,0,0,0,0,0,0,0,1,1,0,0,0,0,0,0,0,0,8,0,0,0,0,0,0,0,0,0,0,0,0,0,8,2,1,1,0,0,0,0,0,0,0,0,0,0,0,1,1,1,0,0,0,0,0,0,0,0,0,0,0,0,0,1,1,0,0,0,0,1,0,0,0,0,0,2,0,0,0,0,0,0,0,0,0,0,0,0,0,0,0,8,0,0,0,1,0,0,0,0,7,0,7,10,0,10,0,8,0,8,1,0,0,0,0,0,0,0,2,0,0,0,0,0,0,0,0,0,1,0,10,1,1,0,0,0,0,0,0,0,0,0,1,0,0,1,0,10,8,0,2,0,0,0,0,1,0,0,0,0,0,0,0,0,0,0,0,0,0,0,0,0,0,0,0,8,0,0,1,6,0,0,0,1,0,0,0,8,0,0,8,0,0,2,0,1,10,0,0,6,0,n
\program_source_code\com\boardgamegeek\util\SelectionBuilder.java,0,0,0,0,7,2,0,0,2,0,0,0,0,0,0,0,0,0,0,0,0,0,0,0,0,0,4,0,0,0,0,1,8,0,10,0,0,0,0,0,0,10,0,4,0,3,0,0,0,0,0,0,0,0,0,7,2,1,1,0,4,0,1,0,0,0,0,0,0,9,0,3,10,0,0,0,0,0,0,0,0,0,0,0,1,0,3,3,0,0,0,0,1,0,0,0,0,0,0,0,0,0,0,0,0,0,0,0,0,0,0,0,0,0,10,0,0,0,1,0,0,5,0,10,0,9,5,0,5,0,3,2,3,4,0,0,0,0,0,0,0,0,0,0,0,0,0,0,0,0,0,6,0,10,1,1,0,0,0,0,0,0,0,0,0,8,0,0,0,0,10,10,0,0,0,0,0,10,0,0,0,0,0,0,0,0,0,0,0,0,0,0,0,1,0,2,0,0,10,1,1,0,2,0,0,0,10,0,0,0,10,0,0,10,0,0,7,3,0,2,0,0,2,0,n
\program_source_code\com\boardgamegeek\util\StringUtils.java,0,0,0,0,2,0,0,0,1,0,0,0,0,0,0,0,0,0,0,0,0,0,0,0,0,0,2,0,0,0,0,0,6,0,10,0,0,0,0,0,0,10,0,2,0,2,0,0,0,0,0,0,0,0,0,2,0,0,0,0,0,0,0,0,0,2,0,0,2,0,0,1,1,0,0,0,0,0,1,0,0,0,0,0,0,0,2,2,0,0,0,0,1,0,0,0,0,0,0,0,0,0,0,0,0,0,0,0,0,0,0,0,0,0,10,0,0,0,1,0,0,3,0,8,0,4,6,0,6,0,6,1,6,2,0,0,0,0,0,0,0,0,0,0,0,0,5,0,0,0,0,0,0,1,0,0,0,0,0,0,0,0,0,0,0,6,0,0,0,0,8,10,0,0,0,0,0,10,0,0,0,0,0,0,0,0,0,0,0,0,0,0,0,0,0,10,0,0,10,1,4,0,2,1,0,0,0,0,0,0,10,0,2,10,0,0,4,0,0,0,0,0,2,0,n
\program_source_code\com\boardgamegeek\util\UIUtils.java,0,0,10,0,6,0,0,1,3,0,0,0,0,0,0,0,0,0,0,0,0,10,0,0,0,0,0,0,0,0,0,0,1,5,1,0,0,0,0,0,0,6,0,0,0,0,0,0,0,0,3,0,0,0,0,6,0,1,1,0,0,0,3,0,0,0,0,0,0,0,0,3,3,0,0,0,0,0,0,2,3,0,0,0,0,0,2,2,4,0,0,0,0,0,0,0,0,0,3,0,0,0,0,0,0,0,0,6,0,0,0,0,0,0,6,0,0,0,0,0,0,0,4,1,0,8,3,0,3,10,3,0,3,0,0,0,0,0,0,0,0,0,0,0,3,0,0,0,0,4,4,3,0,0,0,0,0,0,0,0,0,0,0,0,0,1,0,0,0,0,10,6,0,0,0,0,0,1,1,0,0,0,0,0,0,0,0,0,0,0,0,0,0,0,2,10,0,0,5,0,0,0,0,0,0,0,0,0,0,0,6,2,0,5,0,0,1,0,1,10,0,2,0,0,n
\program_source_code\com\boardgamegeek\pref\ListPreferenceMultiSelect.java,0,0,0,0,7,0,0,10,1,0,0,0,0,0,0,0,0,0,0,0,0,0,0,0,0,4,0,0,0,0,0,4,4,0,6,0,0,0,0,0,0,10,0,0,0,2,0,0,0,0,0,0,0,0,0,7,0,1,1,1,2,0,5,2,0,0,0,0,1,1,0,1,1,0,0,0,0,0,0,0,0,0,0,0,0,0,1,1,0,0,0,0,0,0,0,0,0,0,3,0,0,0,0,0,0,0,0,0,0,0,0,0,0,0,10,0,0,0,0,0,0,10,0,10,0,7,6,0,8,0,7,1,7,0,0,0,0,0,0,0,0,0,0,0,0,1,1,0,0,0,0,6,0,7,2,2,0,0,0,0,0,0,0,0,0,4,0,0,2,0,7,10,0,0,0,0,1,6,0,0,0,0,0,1,0,0,0,0,0,0,0,0,0,0,0,2,1,0,10,3,4,2,0,1,0,0,2,0,0,0,10,1,0,10,0,0,1,0,0,5,0,0,0,0,v
\program_source_code\com\boardgamegeek\provider\BggProvider.java,0,0,0,0,10,0,0,0,1,1,0,0,0,0,2,2,0,0,0,2,0,0,0,0,5,0,10,0,0,2,0,7,10,0,10,0,0,0,0,0,10,10,0,10,3,5,2,3,0,0,0,0,0,0,2,10,0,1,1,0,0,0,2,10,0,0,0,0,10,10,10,2,2,0,0,0,0,0,2,6,0,0,0,0,0,2,10,10,0,0,0,10,1,0,7,0,0,6,8,1,0,0,1,0,10,0,2,2,2,2,0,0,0,0,10,0,0,0,1,0,0,0,10,10,0,10,10,0,10,0,10,4,10,7,0,1,0,0,0,0,0,0,3,0,0,0,10,0,0,0,0,10,0,10,0,0,1,0,0,1,0,0,7,4,0,10,0,0,0,0,8,10,0,0,0,0,0,10,0,2,0,0,0,1,0,0,6,0,0,0,0,0,0,2,0,10,0,0,10,0,1,0,7,0,0,0,1,3,1,3,10,2,3,10,0,0,7,6,0,1,0,0,7,0,v
\program_source_code\com\boardgamegeek\service\SyncService.java,2,0,3,0,10,1,8,0,2,0,0,0,3,0,0,0,5,0,0,0,0,10,0,0,2,0,5,4,4,0,7,2,10,8,5,2,2,3,3,0,0,10,3,6,1,3,0,0,0,0,0,0,0,1,0,10,1,4,4,0,3,0,4,0,8,1,1,1,1,0,0,2,2,1,0,0,0,1,2,0,4,0,0,0,4,0,10,10,0,0,0,0,0,3,4,0,0,0,0,4,0,0,0,0,0,6,0,8,0,0,0,2,0,4,10,1,0,0,0,0,5,3,0,8,0,10,9,0,9,10,9,2,9,2,0,0,0,5,0,7,0,0,0,3,0,1,1,0,0,9,9,9,0,4,1,1,2,0,0,2,0,0,0,0,0,10,0,0,1,0,7,10,1,0,0,0,0,5,0,0,5,0,0,0,1,3,0,0,0,0,0,0,0,0,0,7,0,0,10,6,6,2,1,0,3,0,6,0,0,0,10,4,1,10,0,3,4,0,0,9,1,0,1,0,v
\program_source_code\com\boardgamegeek\ui\CollectionActivity.java,0,1,2,0,10,0,2,1,5,2,0,0,0,0,0,0,0,0,0,3,4,4,0,3,0,0,2,0,0,0,0,10,10,10,2,0,0,0,0,0,0,10,0,2,0,0,7,10,0,0,10,2,8,0,3,10,0,1,1,0,0,0,1,0,2,1,1,1,1,0,0,5,5,0,0,0,0,0,0,0,2,0,0,0,1,0,7,7,5,10,1,2,0,0,3,1,1,1,4,3,1,0,0,0,2,0,3,6,1,1,3,0,0,1,10,0,3,0,0,10,0,4,6,6,0,10,10,1,10,3,10,0,10,2,2,8,5,0,3,0,0,0,10,0,10,0,1,0,3,2,2,7,1,10,0,0,2,2,2,3,0,2,0,0,2,10,0,0,9,0,10,10,0,0,0,0,0,2,10,4,0,2,0,0,0,0,1,0,1,0,0,3,0,0,3,3,0,0,10,2,2,7,0,0,0,1,10,10,10,10,10,2,1,10,0,0,7,3,10,10,1,6,0,7,v
\program_source_code\com\boardgamegeek\ui\GamePollsActivityTab.java,0,0,0,0,10,0,2,0,5,4,0,0,0,0,0,0,0,0,0,0,6,1,0,3,5,0,0,0,0,0,0,7,10,7,10,0,0,0,0,0,0,10,0,0,2,2,0,0,0,0,7,3,0,0,0,10,0,1,1,0,1,0,5,0,2,0,0,0,0,0,0,5,5,0,0,0,6,0,0,0,0,0,0,0,4,0,6,6,4,0,0,1,10,0,5,1,1,1,2,5,0,0,0,0,1,0,6,6,0,0,3,0,0,0,10,1,0,0,10,0,0,5,9,10,0,10,10,2,10,0,10,1,10,4,2,0,5,0,4,0,0,0,0,0,7,0,0,2,4,0,0,10,0,10,2,2,2,0,2,2,0,2,10,7,5,10,0,3,3,0,10,10,1,0,0,0,1,10,3,0,0,2,0,0,0,0,0,0,2,1,0,0,0,4,0,10,1,0,10,0,0,4,0,0,0,0,3,0,0,0,10,1,1,10,0,0,7,10,3,7,0,4,0,0,v
\program_source_code\com\boardgamegeek\ui\GameStatsActivityTab.java,0,0,2,0,10,0,2,0,2,1,0,0,0,0,0,0,0,0,0,0,0,1,0,0,0,0,2,0,0,0,0,4,10,10,1,0,0,0,0,0,0,10,0,2,0,0,0,0,2,0,3,0,0,0,0,10,0,1,1,0,0,0,3,0,2,0,0,0,0,0,0,2,2,0,0,0,0,0,3,0,0,0,0,0,0,0,9,9,10,0,4,1,0,0,5,0,0,1,0,5,0,0,0,0,1,0,10,10,0,0,0,0,0,4,10,0,0,2,0,0,0,2,10,9,0,10,10,0,10,0,10,0,10,1,7,0,0,0,0,0,0,0,0,0,3,0,0,10,0,0,0,10,0,5,0,0,2,0,2,2,0,7,0,0,0,10,4,9,3,0,4,10,0,0,0,0,0,1,2,0,0,2,0,0,0,0,1,0,0,1,0,0,2,0,0,3,0,0,10,10,10,4,0,0,0,0,5,0,0,0,10,1,1,10,0,0,4,0,2,10,0,4,0,0,v
\program_source_code\com\boardgamegeek\ui\HomeActivity.java,2,2,4,0,9,0,3,1,5,0,0,0,1,3,0,0,0,0,0,0,0,10,1,0,0,2,3,1,1,0,3,3,5,4,1,1,1,1,1,0,0,4,6,3,0,0,0,0,0,0,8,0,0,0,0,9,0,2,2,1,0,0,1,4,3,0,1,1,0,3,3,5,5,0,0,0,0,0,1,1,0,0,0,3,3,0,5,5,2,0,0,0,0,1,1,0,0,2,0,1,0,0,0,0,0,0,2,10,0,0,0,1,0,0,4,1,0,0,0,0,0,0,2,3,0,10,1,0,1,10,1,0,1,0,1,0,0,0,0,3,8,0,0,0,8,0,0,0,0,0,0,8,1,3,0,0,2,0,2,2,0,1,0,0,0,5,0,0,0,0,10,3,0,0,0,0,0,1,1,0,0,2,0,0,0,1,1,0,0,0,0,0,0,0,4,2,0,0,2,0,0,1,1,0,0,1,9,0,0,0,4,1,0,2,0,0,3,7,1,10,1,2,1,0,v
\program_source_code\com\boardgamegeek\ui\LogPlayActivity.java,1,1,2,1,10,10,3,1,5,0,5,1,0,0,0,0,0,0,3,2,1,10,5,0,7,2,8,0,0,0,0,10,10,10,10,0,0,0,0,0,0,10,0,8,1,8,2,7,0,3,9,0,0,2,2,10,10,4,4,0,5,1,8,5,3,6,1,1,6,6,6,5,5,10,0,0,0,0,3,1,10,0,9,0,4,0,10,10,10,0,7,3,5,6,10,0,0,1,3,10,0,10,0,4,2,5,9,10,1,1,0,10,8,10,10,0,0,0,5,0,0,10,10,10,3,10,10,1,10,10,10,8,10,7,7,0,0,0,2,0,1,0,10,0,9,0,6,0,5,10,10,10,1,10,0,0,2,2,10,2,1,7,1,0,0,10,0,0,10,1,10,10,8,0,10,10,0,10,10,0,0,10,0,0,2,5,1,10,0,0,8,0,0,3,1,6,0,0,10,10,10,3,3,1,5,1,10,5,6,5,10,9,4,10,0,0,9,5,10,10,4,7,3,2,v
\program_source_code\com\boardgamegeek\ui\SearchResultsActivity.java,0,2,2,0,10,1,2,1,4,0,0,0,0,1,0,0,5,0,0,0,4,10,1,3,2,0,3,0,0,0,0,6,10,10,3,0,0,0,0,2,2,10,0,3,0,3,0,0,2,0,7,2,5,1,0,10,1,2,2,0,2,1,1,0,2,1,0,0,1,0,0,4,4,1,0,0,7,1,0,0,3,2,0,1,3,0,2,2,4,9,4,10,2,3,6,0,0,1,0,7,0,0,0,1,6,6,1,8,1,1,3,3,0,5,10,0,2,2,2,9,5,0,5,10,0,10,4,1,4,10,4,2,4,2,3,0,5,5,3,0,1,0,0,0,7,0,1,0,3,9,9,8,0,4,0,0,2,0,2,2,0,3,0,0,4,10,0,0,4,0,8,10,0,0,0,0,0,3,8,0,5,2,2,0,0,3,1,0,2,0,0,2,2,1,3,1,0,0,10,8,8,2,1,0,2,0,10,0,0,0,10,2,1,10,2,0,6,3,8,10,1,4,1,4,v
\program_source_code\com\boardgamegeek\util\HttpUtils.java,0,0,0,1,7,10,0,0,2,0,4,0,0,0,0,2,2,4,3,0,1,0,0,0,3,0,3,0,0,2,0,2,9,0,10,0,0,0,0,3,0,10,0,3,0,4,0,0,0,2,0,0,0,0,0,7,10,0,0,0,0,0,4,1,0,2,0,0,2,0,0,2,2,8,1,1,0,1,1,0,3,3,10,0,1,0,10,10,0,0,1,7,3,0,0,0,0,3,7,0,0,10,0,0,2,7,0,3,0,0,0,0,3,0,10,0,0,0,3,0,2,10,4,10,1,10,10,1,10,0,9,3,9,8,0,0,0,2,1,0,0,0,0,5,0,0,2,0,0,0,0,10,0,10,0,0,0,0,0,0,1,0,0,0,0,9,2,2,0,1,10,10,0,0,8,8,0,10,0,0,2,0,3,0,0,0,3,10,0,0,1,0,0,2,0,10,0,4,10,1,1,1,1,0,0,0,0,0,0,0,10,0,3,10,2,5,4,0,0,3,1,0,1,0,v
\program_source_code\com\boardgamegeek\util\ImageCache.java,0,0,0,0,9,6,0,0,1,0,2,1,0,0,10,2,10,2,2,4,0,0,0,0,0,0,6,0,0,2,0,0,8,0,10,0,0,0,0,1,0,8,0,6,1,3,0,2,0,0,0,0,0,0,3,9,6,0,0,0,0,0,3,0,0,6,0,0,6,0,0,1,1,4,1,1,0,3,0,0,10,1,4,0,3,5,10,10,0,1,0,0,2,0,0,0,0,0,3,0,2,4,2,0,0,10,0,0,0,0,0,0,1,0,8,0,0,0,2,1,8,1,0,10,0,10,3,0,2,0,1,2,1,5,0,2,0,10,0,0,0,0,2,0,0,0,4,0,0,0,0,8,0,10,1,1,0,0,0,1,0,0,0,0,0,8,0,0,0,0,5,8,0,0,3,3,0,10,0,0,10,0,1,0,0,0,0,4,0,0,0,0,0,0,0,10,0,4,8,0,0,0,0,2,0,0,1,2,2,2,8,4,4,8,0,0,3,0,0,1,1,0,0,0,v
