Src_files/Features,ActivityInfo,Assert,BoardActivity,Button,Class,CommonPrefs,CommsAddrRec,Config,Context,CurGameInfo,DBUtils,DataInputStream,DeviceRole,Exception,File,FileInputStream,For,GONE,GameSummary,GameUtils,Handler,IOException,InputStream,Integer,Intent,JNIThread,ListView,Public,R,Resources,SERVER_STANDALONE,String,StringBuffer,StringBuilder,TextView,This,Thread,Uri,Utils,View,We,XWActivity,XwJNI,ab,abs,activity,ad,add,addr,after,along,an,and,android,any,as,assert,assertTrue,at,boolean,break,button,byt,byte,bytes,cache,can,case,catch,cd,change,changed,changes,channels,charAt,chat,class,close,closed,cmd,code,comms_getAddr,comms_getInitialAddr,comms_setAddr,complete,consistent,content,context,create,created,d,decode,default,defaults,di,dict,dictLang,dictName,dims,dis,doConfig,don,draw,draws,e,eehouse,either,else,even,events,ex,exception,exchange,factory,fail,failed,fails,false,files,final,finally,findViewById,fis,fmt,for,format,formatter,fos,framework,free,from,fstr,g,gameID,gameName,gamePtr,game_dispose,game_hasComms,games,get,getActivity,getData,getDefault,getDefaultDict,getDefaultRelayHost,getDefaultRelayPort,getInputStream,getInt,getInteger,getIntent,getLangName,getName,getPath,getPathFor,getResources,getString,getUserString,getView,getX,getY,gets,getting,gi,gi_from_stream,gi_to_stream,go,got,has,hit,how,id,ids,ids2,ie,if,ii,import,in,init,initJNI,inputStream,int,into,inval,invalidate,invalide,io,ioe,is,isGame,isa,isn,isr,it,iter,its,jUri,java,javax,jni,jniGamePtr,jnit,jniu,junit,lang,later,layout,len,length,loadGame,loadMakeGame,logf,long,m_activity,m_context,m_dictName,m_factory,m_gi,m_jniGamePtr,m_lang,m_path,m_room,m_view,m_when,main,make,making,marker,match,messages,method,methods,mid,msg,nPlayers,name,names,need,needed,needs,net,networked,new,next,nio,non,nothing,null,numPlayers,on,one,or,org,os,our,outStream,own,path,pathIn,play,played,player,playerf,players,port,post,private,public,put,putString,raw,re,read,refs,relayPort,remain,require,required,res,result,return,returning,room,rooms,run,s,s_time,save,saveGame,saveSummary,saved,savedGame,sb,scratch,send,serverRole,setContentView,setInt,setServerRole,setSummary,setView,short,shorter,show,size,some,sort,st,start,started,starting,static,str,stream,string,strings,substring,summary,switch,synchronize,synchronized,t,that,thing,thread,tiles,time,timer,timerEnabled,to,toArray,toString,too,top,tray,true,try,trying,turn,two,until,up,ups,uri,uris,us,use,used,useful,user,util,view,vis,vsString,while,will,with,within,without,won,xw4,tag_labels
\program_source_code\org\eehouse\android\xw4\BoardDims.java,0,0,0,0,2,0,0,0,0,0,0,0,0,0,0,0,3,0,0,0,0,0,0,0,0,0,0,10,0,0,0,0,0,0,0,2,0,0,0,0,0,0,0,0,1,0,1,0,0,1,1,4,1,1,1,1,0,0,2,0,0,0,2,0,0,0,1,0,0,1,0,0,0,0,0,0,2,0,0,1,0,0,0,0,1,0,0,0,0,0,0,0,0,0,0,0,0,0,0,2,0,0,0,0,0,2,1,0,1,1,0,0,0,0,0,0,0,0,0,0,0,0,2,0,4,0,0,0,0,1,0,0,0,0,0,0,0,0,0,0,0,0,0,0,0,0,0,0,0,0,0,0,0,0,0,0,0,0,0,0,0,0,0,0,0,0,0,1,3,0,0,2,0,0,1,0,0,8,7,0,0,10,7,0,0,0,0,0,3,0,2,3,2,10,1,6,0,0,0,0,0,0,0,0,0,1,0,0,0,0,0,0,1,0,0,0,0,0,0,0,0,0,0,0,0,0,0,0,0,0,0,0,0,0,0,0,0,0,0,0,0,0,0,0,0,0,0,0,0,1,0,6,5,0,4,0,1,0,0,0,0,0,0,0,0,0,0,10,0,0,0,0,0,0,0,0,0,0,0,0,0,0,0,0,0,0,0,0,0,0,0,0,0,0,0,0,0,0,0,0,0,0,0,0,0,0,0,0,0,0,0,0,0,0,0,0,0,0,1,0,0,0,1,0,0,0,0,0,0,3,0,0,2,3,1,0,0,0,0,2,0,0,0,0,0,0,0,0,1,0,0,0,2,0,0,1,2,1,1,0,1,n
\program_source_code\org\eehouse\android\xw4\DBHelper.java,0,0,0,0,1,0,0,0,4,0,1,0,0,0,0,0,3,0,0,0,0,0,0,0,0,0,0,10,0,0,0,10,0,0,0,2,0,0,1,0,0,0,0,0,1,0,2,0,0,1,1,5,2,4,1,1,0,0,2,0,0,0,2,0,0,0,1,0,0,1,0,0,0,0,0,0,1,0,0,1,0,0,0,0,1,1,3,5,0,0,2,0,0,0,0,0,0,0,0,2,0,0,0,0,0,2,1,0,1,1,0,0,0,0,0,0,0,0,0,10,10,0,2,0,5,1,1,0,0,1,0,0,0,0,0,0,0,0,1,0,0,0,0,0,0,0,0,0,0,0,0,0,0,0,0,10,0,0,0,0,0,0,0,0,0,0,0,1,4,0,0,2,0,0,1,0,3,5,3,0,0,8,3,10,0,0,0,0,3,0,2,4,2,7,1,6,0,0,0,0,0,0,0,0,0,1,0,0,0,0,0,1,1,0,2,0,0,0,0,0,0,0,0,0,0,0,0,0,0,1,0,0,0,0,0,0,1,0,0,0,0,0,1,0,0,0,0,1,0,0,0,7,5,0,4,0,0,0,0,0,0,0,0,0,3,0,2,10,0,10,0,0,0,0,0,0,0,0,0,0,0,0,0,0,0,0,0,0,0,0,0,0,0,0,0,0,0,0,0,0,0,0,0,0,0,0,0,0,0,0,0,10,0,0,10,0,0,0,1,0,0,2,1,0,0,1,0,0,0,2,0,10,2,2,0,0,0,10,0,2,0,1,1,0,0,1,4,4,1,1,0,0,2,10,1,1,1,1,1,0,1,n
\program_source_code\org\eehouse\android\xw4\DictListPreference.java,0,1,0,0,1,0,0,0,6,0,0,0,0,0,0,0,3,0,0,1,0,0,0,0,0,0,0,5,0,0,0,3,0,0,0,2,0,0,0,0,0,0,0,0,1,0,1,0,0,1,1,4,1,4,1,1,1,0,2,0,0,0,2,0,0,0,1,0,0,1,0,0,0,0,0,0,1,0,0,1,0,0,0,0,1,1,5,7,0,0,0,0,0,0,0,5,0,0,0,2,0,0,0,0,0,2,1,0,1,1,0,0,0,0,0,0,0,0,0,0,0,0,2,0,5,0,0,0,1,1,0,0,0,0,0,0,0,0,0,0,0,0,0,0,0,0,0,0,0,0,0,0,0,0,0,3,0,0,0,0,0,0,0,0,0,0,0,1,3,0,0,2,0,0,1,5,4,2,1,0,0,5,1,0,0,0,0,0,2,0,2,3,2,4,1,5,0,0,0,0,0,1,0,1,0,1,0,0,2,0,0,0,1,0,4,0,0,0,0,0,0,0,0,0,0,0,0,0,0,0,0,0,0,0,0,0,0,0,0,0,0,0,1,0,0,0,0,0,0,0,0,7,5,0,4,0,0,0,0,0,0,0,0,0,4,0,0,5,0,3,0,0,0,0,0,0,0,0,0,0,0,0,0,0,0,0,0,0,0,0,0,0,0,0,0,0,0,0,0,0,0,0,0,0,0,0,0,0,0,0,0,0,0,0,3,0,0,0,1,0,0,0,1,0,0,0,0,0,0,1,0,3,1,1,0,0,0,3,0,1,1,0,0,0,0,0,0,0,1,0,1,0,2,3,0,1,1,1,1,0,1,n
\program_source_code\org\eehouse\android\xw4\DictsActivity.java,0,1,0,3,2,0,0,0,6,0,3,0,0,0,0,0,3,0,0,3,0,0,0,0,0,0,1,10,8,0,0,7,0,0,2,2,0,0,3,6,0,1,1,0,1,0,2,0,0,1,1,4,1,10,1,1,1,0,2,2,2,3,2,0,0,1,1,2,1,1,0,0,0,0,0,0,2,0,0,1,0,0,0,0,1,3,6,10,0,0,0,0,0,0,0,0,0,0,0,2,0,0,0,0,2,4,1,0,1,1,0,0,0,2,0,0,2,2,0,3,3,1,2,0,4,0,0,1,1,1,1,0,0,0,0,0,0,0,0,0,0,0,0,0,0,0,0,0,0,0,0,0,0,0,0,4,1,2,0,0,0,1,0,0,0,0,0,1,3,0,5,7,0,0,2,0,10,6,5,0,0,9,5,3,0,0,0,0,2,0,2,3,2,8,1,5,0,0,0,2,0,3,2,1,0,1,2,0,1,0,0,1,1,0,5,0,2,0,0,0,0,0,10,0,0,0,0,0,1,0,0,0,5,0,0,1,1,0,0,0,0,0,2,0,0,0,0,1,0,0,0,8,7,1,4,0,0,0,0,0,0,0,0,0,10,0,3,10,0,4,0,0,0,0,0,0,0,0,0,0,4,4,0,0,0,0,0,0,0,0,0,0,0,1,0,0,1,0,0,0,2,0,0,0,0,0,0,0,0,0,2,0,0,0,4,2,2,0,2,0,0,0,1,0,0,3,0,0,0,1,0,5,1,1,1,0,1,4,4,1,0,0,0,0,0,0,0,0,1,0,0,10,2,4,0,1,2,1,1,0,3,n
\program_source_code\org\eehouse\android\xw4\DispatchNotify.java,7,0,0,0,2,1,0,0,1,0,5,0,0,0,0,0,3,0,0,0,0,0,0,0,8,0,0,8,1,0,0,6,0,0,0,2,0,0,5,0,0,7,0,0,1,10,2,1,1,1,1,4,1,9,1,1,0,0,2,0,0,0,2,0,0,0,1,0,0,1,0,0,0,0,0,0,2,0,0,1,0,0,0,0,1,2,2,3,0,0,0,0,0,0,0,0,0,0,0,2,0,0,0,0,0,3,1,2,1,1,0,0,0,0,0,0,0,0,0,2,1,0,2,0,6,0,0,1,0,1,0,0,0,0,0,0,0,0,0,0,7,0,0,0,0,0,0,1,0,5,0,0,0,0,0,5,1,0,0,0,0,1,0,0,0,0,0,1,3,1,5,7,3,0,4,0,9,1,0,0,0,4,0,2,0,0,0,0,5,0,2,3,2,3,1,5,0,1,1,1,0,1,1,0,0,1,0,0,0,0,0,5,1,3,0,0,0,0,0,0,0,0,0,0,0,0,0,0,0,0,0,0,2,0,0,0,0,1,1,1,0,0,3,0,0,0,1,1,0,0,0,9,6,1,4,0,0,0,0,0,0,0,0,0,9,0,2,8,0,4,0,0,0,0,0,0,0,0,0,0,0,0,0,0,0,0,0,0,0,0,0,0,0,0,0,0,0,0,0,0,0,0,0,1,0,0,0,0,0,0,1,5,0,0,5,1,1,0,1,0,0,0,1,1,0,5,0,0,0,2,0,5,2,2,0,0,0,5,0,2,1,0,0,0,0,0,0,0,1,0,1,0,2,5,0,1,1,1,1,0,2,n
\program_source_code\org\eehouse\android\xw4\EditColorPreference.java,0,1,0,0,3,0,0,0,6,0,0,0,0,0,0,0,3,0,0,0,0,0,0,3,0,0,0,10,10,0,0,4,0,0,0,2,0,0,0,9,0,0,0,0,1,0,2,1,1,1,1,4,1,10,1,1,1,0,2,3,0,1,7,5,2,1,1,0,1,1,0,0,0,0,0,0,3,0,0,1,0,0,0,0,1,4,7,10,0,0,2,0,0,0,0,0,0,0,0,2,0,1,0,0,0,2,1,0,1,1,0,0,0,0,0,0,1,1,0,2,2,6,2,0,4,2,2,0,1,1,0,0,0,0,0,0,0,0,0,0,0,0,0,0,0,0,0,0,3,0,0,0,0,0,0,3,0,0,0,0,0,0,0,0,0,0,0,1,3,0,10,10,0,0,6,0,10,10,10,0,0,10,10,2,0,0,0,0,2,0,2,4,2,10,1,5,0,1,1,0,0,1,0,1,1,1,2,0,0,0,0,0,1,0,5,0,0,0,0,1,0,0,6,0,0,0,0,0,1,0,0,0,10,0,0,0,0,0,0,0,0,0,4,0,0,0,0,3,0,1,0,6,5,0,4,0,0,0,0,0,0,0,0,0,10,0,10,10,0,3,0,2,0,1,0,0,0,0,2,0,3,3,0,0,0,4,0,0,0,0,0,0,0,1,0,0,0,0,0,0,0,0,0,0,0,0,0,1,1,1,1,2,1,0,3,1,1,0,1,0,0,1,2,0,0,0,0,0,0,1,0,3,1,1,1,2,1,3,3,1,1,0,0,0,0,0,0,0,1,0,1,6,2,3,0,1,1,1,1,0,1,n
\program_source_code\org\eehouse\android\xw4\PollListPreference.java,0,1,0,0,1,0,0,0,6,0,0,0,0,0,0,0,3,0,0,0,0,0,0,1,0,0,0,6,0,0,0,4,0,0,0,2,0,0,0,0,0,0,0,0,1,0,1,0,0,1,1,4,1,5,1,1,1,0,2,1,0,0,2,0,0,0,1,0,0,1,0,0,0,0,0,0,1,0,0,1,0,0,0,0,1,1,4,10,0,0,0,0,0,0,0,0,0,0,0,2,0,0,0,0,0,2,1,0,1,1,0,0,0,0,0,0,0,0,0,0,0,0,2,0,4,0,0,0,1,1,0,0,0,0,0,0,0,0,0,0,0,0,0,0,0,0,0,0,1,0,0,0,0,0,0,4,0,0,0,0,0,0,0,0,0,0,0,1,3,0,0,2,0,0,2,0,5,3,2,0,0,6,2,0,0,0,0,0,2,0,2,3,2,5,1,5,0,0,0,0,0,1,0,1,0,1,0,0,0,0,0,0,1,0,6,0,0,0,0,0,0,0,0,0,0,0,0,0,0,0,0,0,0,0,0,0,0,0,0,0,0,0,0,0,0,0,0,0,0,0,0,6,5,0,4,0,0,0,0,0,0,0,0,0,5,0,2,6,0,4,0,0,0,0,0,0,0,0,0,0,1,1,0,0,0,0,0,0,0,1,0,0,0,0,0,0,0,0,0,1,0,0,0,0,0,0,0,0,0,0,0,0,0,0,4,0,0,1,1,0,0,0,1,0,0,0,0,0,0,1,0,4,1,1,0,1,0,4,1,1,1,0,0,0,0,0,0,0,1,0,1,0,2,4,0,1,1,1,1,0,1,n
\program_source_code\org\eehouse\android\xw4\PrefsActivity.java,0,0,0,0,2,0,0,0,0,0,1,0,0,0,0,0,3,0,0,0,0,0,0,0,2,0,0,9,10,1,0,10,0,0,0,2,0,0,1,0,0,0,0,0,1,1,1,0,0,1,1,5,2,10,2,1,0,0,2,3,5,1,2,0,0,0,2,4,0,1,0,0,0,0,0,0,2,0,0,1,0,0,0,0,1,3,3,3,1,1,0,0,0,0,0,0,0,0,0,2,0,1,0,0,0,2,1,0,1,1,0,0,0,0,0,0,1,1,0,2,2,0,2,0,7,0,0,1,0,1,1,0,0,0,0,0,0,0,0,1,0,0,0,0,0,0,0,0,0,2,0,0,0,0,0,10,3,0,1,1,1,3,0,0,0,0,0,1,3,0,6,8,0,0,6,5,10,10,10,0,0,10,10,2,0,0,0,0,2,0,2,3,2,10,1,5,0,0,0,0,0,0,0,0,0,1,0,0,2,0,0,1,1,1,0,0,0,0,0,0,0,0,3,0,0,0,0,0,0,0,0,0,6,0,0,0,0,0,0,0,0,0,7,0,0,0,0,4,0,0,0,9,5,1,4,0,0,0,0,0,0,0,0,0,10,0,5,9,0,7,0,0,0,0,0,0,0,0,0,0,3,3,0,0,0,1,0,0,0,4,0,0,0,0,0,0,0,0,0,4,0,0,0,0,0,0,0,0,0,0,10,2,0,0,10,10,10,4,4,0,0,0,1,0,0,1,0,0,0,2,0,10,2,2,0,1,0,10,3,2,0,0,0,0,0,0,1,0,1,1,0,3,2,10,0,1,4,2,1,0,1,n
\program_source_code\org\eehouse\android\xw4\ReceiveNBS.java,0,0,0,0,1,0,0,0,3,0,2,0,0,0,0,0,3,0,0,0,0,0,0,0,5,0,0,5,0,0,0,1,0,0,0,2,0,0,2,0,0,0,0,0,1,0,1,0,0,1,1,4,1,6,1,1,0,0,2,0,0,0,3,1,1,0,1,0,0,1,0,0,0,0,0,0,1,0,0,1,0,0,0,0,1,3,4,6,0,0,0,0,0,0,0,0,0,0,0,2,0,0,0,0,0,2,1,0,1,1,0,0,0,0,0,0,0,0,0,0,0,0,2,0,5,0,0,1,0,1,1,0,0,0,0,0,0,0,0,1,0,0,0,0,0,0,0,0,0,2,0,0,0,0,0,1,0,0,1,1,1,0,0,0,0,0,0,1,3,0,0,2,0,0,2,8,5,2,1,0,0,5,1,0,0,0,0,0,2,0,2,3,2,4,1,5,0,0,0,0,0,0,0,0,0,1,0,0,2,0,0,2,1,0,1,0,0,0,0,0,0,0,0,0,0,0,0,0,0,0,0,0,0,0,0,0,0,0,0,0,0,0,1,0,0,0,0,2,0,0,0,7,5,1,4,0,0,0,0,0,0,0,0,0,5,0,0,5,0,1,0,0,0,0,0,0,0,0,0,0,0,0,0,0,0,0,0,0,0,0,0,0,0,0,0,0,0,0,0,0,0,0,0,0,0,0,0,0,0,0,0,0,0,0,0,0,0,0,1,0,0,0,1,0,0,2,0,0,0,1,0,1,1,1,0,0,0,0,0,1,0,0,0,0,0,0,0,0,1,0,0,0,2,0,0,1,1,1,1,0,1,n
\program_source_code\org\eehouse\android\xw4\RefreshMsgsTask.java,0,0,0,0,1,0,0,0,7,0,0,0,0,0,0,0,3,0,0,0,0,0,0,0,0,0,0,7,1,0,0,7,0,0,0,2,0,0,0,0,0,0,0,0,1,0,1,0,0,1,1,4,1,4,1,1,0,0,2,0,0,0,2,0,0,0,1,0,0,1,0,0,0,0,0,0,1,0,0,1,0,0,0,0,1,1,5,10,0,0,0,0,0,0,0,0,0,0,0,2,0,0,0,0,0,2,1,0,1,1,0,0,0,0,0,0,0,0,0,0,0,0,2,0,4,0,0,1,0,1,0,0,0,0,0,0,0,0,0,0,0,0,0,0,0,0,0,0,0,0,0,0,0,0,0,6,1,0,0,0,0,1,0,0,0,0,0,1,3,1,0,2,0,0,1,0,3,1,0,0,0,4,0,0,0,0,0,0,2,0,2,3,2,3,1,5,0,0,0,0,0,0,0,0,0,1,0,0,0,0,0,0,1,0,7,0,0,0,0,0,0,0,0,0,0,0,0,0,0,0,0,0,0,2,0,0,0,0,0,0,0,0,0,0,0,0,0,1,0,0,0,6,5,1,4,0,0,0,0,0,0,0,0,0,3,0,3,7,0,5,0,0,0,0,0,0,0,0,0,2,1,1,0,0,0,0,0,0,0,0,0,0,0,0,0,0,0,0,0,0,0,0,0,1,0,0,0,0,0,0,1,0,0,0,6,1,1,0,1,0,0,0,1,0,0,0,0,0,0,1,0,6,1,1,0,2,0,6,1,1,0,0,0,0,0,0,0,1,1,0,0,0,2,6,0,1,1,1,1,0,1,n
\program_source_code\org\eehouse\android\xw4\RelayReceiver.java,0,0,0,0,4,2,0,0,10,0,2,3,0,0,0,1,3,0,0,0,0,0,2,0,10,0,0,7,5,0,0,10,0,0,0,2,0,0,2,0,0,0,0,0,1,0,2,0,0,1,2,5,2,10,1,1,0,0,2,0,0,0,2,0,0,0,1,0,0,1,0,0,0,0,0,0,4,0,0,1,0,0,0,0,1,5,10,10,0,0,1,0,0,0,0,0,0,0,0,2,0,1,0,0,0,3,1,1,1,1,0,0,0,0,0,0,0,0,0,0,0,0,2,0,5,0,0,0,0,1,0,0,0,0,0,0,0,0,0,0,1,0,0,0,0,0,2,0,0,10,0,0,0,0,0,6,3,0,0,0,0,4,0,0,0,0,0,1,5,1,0,2,0,0,5,0,10,3,0,0,1,8,0,0,0,0,4,4,2,0,2,5,2,5,1,7,0,6,6,1,0,1,1,0,0,1,0,0,0,0,0,2,2,0,10,0,0,0,0,0,0,0,0,0,0,0,0,0,0,0,0,0,0,0,0,0,0,0,0,0,1,0,4,1,4,0,0,1,0,0,0,8,6,0,4,1,0,0,0,0,0,0,0,0,10,0,2,7,0,3,0,1,0,0,0,0,0,0,1,1,0,0,0,0,0,0,0,0,0,0,0,0,0,0,0,0,0,0,0,0,0,0,0,1,0,0,0,0,0,0,5,2,0,0,7,4,4,0,1,0,0,0,1,0,0,5,0,0,0,2,0,6,2,2,0,0,0,7,0,2,1,0,0,0,0,0,0,0,1,0,1,0,2,7,0,1,1,1,1,0,2,n
\program_source_code\org\eehouse\android\xw4\StatusReceiver.java,0,0,0,0,1,0,0,0,3,0,1,0,0,0,0,0,3,0,0,0,0,0,0,0,4,0,0,5,0,0,0,1,0,0,0,2,0,0,1,0,0,0,0,0,1,0,1,0,0,1,1,4,1,4,1,1,0,0,2,0,0,0,2,0,0,0,1,0,0,1,0,0,0,0,0,0,1,0,0,1,0,0,0,0,1,3,4,6,0,0,0,0,0,0,0,0,0,0,0,2,0,0,0,0,0,2,1,0,1,1,0,0,0,0,0,0,0,0,0,0,0,0,2,0,4,0,0,0,0,1,0,0,0,0,0,0,0,0,0,0,0,0,0,0,0,0,0,0,0,2,0,0,0,0,0,1,0,0,0,0,0,0,0,0,0,0,0,1,3,0,0,2,0,0,1,0,3,1,0,0,0,4,0,0,0,0,0,0,2,0,2,3,2,3,1,5,0,0,0,0,0,0,0,0,0,1,0,0,0,0,0,1,1,0,1,0,0,0,0,0,0,0,0,0,0,0,0,0,0,0,0,0,0,0,0,0,0,0,0,0,0,0,0,0,0,0,0,0,0,0,0,6,5,0,4,0,0,0,0,0,0,0,0,0,3,0,0,5,0,1,0,0,0,0,0,0,0,0,0,0,0,0,0,0,0,0,0,0,0,0,0,0,0,0,0,0,0,0,0,0,0,0,0,0,0,0,0,0,0,0,0,0,0,0,0,0,0,0,1,0,0,0,1,0,0,1,0,0,0,1,0,1,1,1,0,0,0,0,0,1,0,0,0,0,0,0,0,0,1,0,0,0,2,0,0,1,1,1,1,0,1,n
\program_source_code\org\eehouse\android\xw4\XWActivity.java,2,1,0,0,1,1,0,0,1,0,0,0,0,0,0,0,3,0,0,0,0,0,0,0,0,0,0,4,0,0,0,1,0,0,1,2,0,1,0,1,0,4,0,0,1,2,1,0,0,1,1,4,1,10,1,1,1,0,2,0,0,0,2,0,0,0,1,0,0,1,0,0,0,0,0,0,1,0,0,1,0,0,0,0,1,2,2,3,0,0,0,0,0,0,0,0,0,0,0,2,0,0,0,0,0,3,1,0,1,1,0,0,0,0,0,0,0,0,0,0,0,0,2,0,4,0,0,1,1,1,0,0,0,0,0,0,0,0,0,0,2,0,0,0,0,0,0,0,0,0,0,0,0,0,0,1,0,1,0,0,0,0,0,0,0,0,0,1,3,0,4,6,0,0,1,0,10,8,6,0,0,10,6,0,0,0,0,0,2,0,2,4,2,9,1,5,1,0,0,1,0,2,1,1,2,1,0,0,0,0,0,0,1,0,0,0,0,0,0,2,0,0,2,0,0,0,0,0,0,0,0,0,4,0,0,2,2,0,0,0,1,0,1,1,0,0,0,0,0,0,0,7,6,1,4,0,0,0,0,0,0,0,0,0,10,0,1,4,0,1,0,1,0,0,0,0,0,0,0,0,1,1,0,0,0,0,0,0,0,0,0,0,0,0,0,0,0,0,0,0,1,0,0,0,0,0,0,0,0,0,0,0,0,0,1,0,0,0,1,0,0,0,1,0,0,0,0,0,0,2,0,1,2,2,0,0,0,1,1,2,0,0,0,0,0,0,0,0,1,0,0,2,2,1,0,1,1,1,1,0,2,n
\program_source_code\org\eehouse\android\xw4\XWConstants.java,0,0,0,0,0,0,0,0,0,0,0,0,0,0,0,0,3,0,0,0,0,0,0,0,0,0,0,7,0,0,0,3,0,0,0,2,0,0,0,0,0,0,0,0,1,0,1,0,0,1,1,4,1,1,1,1,0,0,2,0,0,0,2,0,0,0,1,0,0,1,0,0,0,0,0,0,0,0,0,1,0,0,0,0,1,0,0,0,0,0,0,0,0,0,0,0,0,0,0,2,0,0,0,0,0,2,1,0,1,1,0,0,0,0,0,0,0,0,0,3,3,0,2,0,4,0,0,0,0,1,0,0,0,0,0,0,0,0,0,0,0,0,0,0,0,0,0,0,0,0,0,0,0,0,0,3,0,0,0,0,0,0,0,0,0,0,0,1,3,0,0,2,0,0,1,0,0,1,0,0,0,4,0,3,0,0,0,0,2,0,2,3,2,3,1,5,0,0,0,0,0,0,0,0,0,1,0,0,0,0,0,0,1,0,0,0,0,0,0,0,0,0,0,0,0,0,0,0,0,0,0,0,0,0,0,0,0,0,0,0,0,0,0,0,0,0,0,0,0,0,0,6,5,0,4,0,0,0,0,0,0,0,0,0,0,0,0,7,0,3,0,0,0,0,0,0,0,0,0,0,0,0,0,0,0,0,0,0,0,0,0,0,0,0,0,0,0,0,0,0,0,0,0,0,0,0,0,0,0,0,0,3,0,0,3,0,0,0,1,0,0,0,1,0,0,0,0,0,0,1,0,3,1,1,0,0,0,3,0,1,0,0,0,0,0,0,0,0,1,0,0,0,2,3,0,1,1,1,1,0,1,n
\program_source_code\org\eehouse\android\xw4\XWListActivity.java,0,0,0,0,1,1,0,0,0,0,2,0,0,0,0,0,3,0,0,0,0,0,0,0,0,0,0,4,0,0,0,1,0,0,0,2,0,0,2,0,0,4,0,0,1,0,2,0,0,1,1,5,2,6,1,1,0,0,2,0,0,0,2,0,0,0,1,0,0,1,0,0,0,0,0,0,1,0,0,1,0,0,0,0,1,1,1,1,0,0,0,0,0,0,0,0,0,0,0,2,0,0,0,0,0,3,1,0,1,1,0,0,0,0,0,0,0,0,0,0,0,0,2,0,4,0,0,1,0,1,0,0,0,0,0,0,0,0,0,0,0,0,0,0,0,0,0,0,0,0,0,0,0,0,0,1,0,0,0,0,0,0,0,0,0,0,0,1,3,0,5,7,0,0,2,0,5,8,7,0,0,10,7,0,0,0,0,0,2,0,2,3,2,10,1,5,0,0,0,1,0,1,1,0,2,1,0,0,0,0,0,2,1,0,0,0,0,0,0,2,0,0,0,0,0,0,0,0,0,0,0,0,5,0,0,2,2,0,0,0,0,0,1,0,0,0,0,1,0,0,0,7,6,1,4,0,0,0,0,0,0,0,0,0,5,0,1,4,0,1,0,0,0,0,0,0,0,0,0,0,1,1,0,0,0,0,0,0,0,0,0,0,0,0,0,0,0,0,0,0,0,0,0,0,0,0,0,0,0,0,0,0,0,0,1,0,0,0,1,0,0,0,2,0,0,2,0,0,0,1,0,1,1,1,0,0,0,1,1,1,0,0,0,0,0,0,0,0,1,0,0,0,2,1,0,1,1,1,1,0,2,n
\program_source_code\org\eehouse\android\xw4\XWListAdapter.java,0,0,0,0,1,0,0,0,3,0,0,0,0,0,0,0,3,0,0,0,0,0,0,0,0,0,0,10,0,0,0,0,0,0,0,2,0,0,0,0,0,0,0,0,1,0,1,0,0,1,2,5,1,5,1,1,0,0,2,4,0,0,2,0,0,0,2,0,0,1,0,0,0,0,0,0,1,0,0,1,0,0,0,0,1,1,2,4,0,0,0,0,0,0,0,0,0,0,0,2,0,0,0,0,0,2,1,0,1,1,0,0,0,0,0,0,0,0,0,0,0,0,2,0,4,0,0,0,0,1,0,0,0,0,0,0,0,0,0,0,0,0,0,0,0,0,0,0,0,0,0,0,0,0,0,0,0,0,0,0,0,0,0,0,0,0,0,1,3,0,0,2,0,0,2,0,4,9,8,0,0,10,8,0,0,0,0,0,2,0,2,3,2,10,1,5,0,0,0,0,0,0,0,0,0,1,0,0,0,0,0,0,2,0,1,0,0,0,0,0,0,0,0,0,0,0,0,0,0,0,1,1,0,0,0,0,0,0,0,0,0,0,0,0,0,0,0,0,0,0,1,6,5,0,4,0,0,0,0,0,0,0,0,0,4,0,1,10,0,0,0,0,0,0,0,0,0,0,0,0,8,8,0,0,0,1,0,0,0,0,0,0,0,0,0,0,0,0,0,0,0,0,0,0,0,0,0,0,0,0,0,0,0,0,0,0,0,0,1,0,0,0,1,0,0,0,0,0,0,1,0,0,1,1,0,3,0,0,8,1,0,0,0,0,0,0,0,0,1,0,0,0,2,0,0,1,1,1,1,0,1,n
\program_source_code\org\eehouse\android\xw4\XWListItem.java,0,0,0,5,1,0,0,0,3,0,0,0,0,0,0,0,3,0,0,0,0,0,0,0,0,0,0,10,0,0,0,1,0,0,3,2,0,0,0,4,0,0,0,0,3,0,1,0,0,1,1,5,1,8,1,3,0,0,2,1,0,5,2,0,0,0,2,0,0,1,0,0,0,0,0,0,1,0,0,1,0,0,0,0,1,1,1,6,0,0,0,0,0,0,0,0,0,0,0,2,0,0,0,0,0,2,1,0,1,1,0,0,0,0,0,0,0,0,0,0,0,0,2,0,5,0,0,0,0,1,0,0,0,0,0,0,0,0,0,0,0,0,0,0,0,0,0,0,0,0,0,0,0,0,0,1,0,3,0,0,0,0,0,0,0,0,0,3,3,0,0,2,0,0,1,0,7,5,4,0,0,8,4,0,0,0,0,0,2,0,2,3,2,7,1,5,0,0,0,0,0,0,0,0,0,1,0,0,0,0,0,0,1,0,2,0,0,0,0,0,0,0,4,0,0,0,0,0,0,0,0,0,0,0,0,0,0,0,0,0,0,0,1,0,0,0,0,0,0,0,0,7,5,0,4,0,0,0,0,0,0,0,0,0,7,0,2,10,0,1,0,0,0,0,0,0,0,0,0,0,1,1,0,0,0,0,0,0,0,0,0,0,0,0,0,0,0,0,0,0,3,0,0,0,0,0,0,0,0,0,0,0,0,0,1,0,0,0,1,0,0,1,1,0,0,0,0,0,0,3,0,1,3,3,0,0,0,1,1,3,1,0,0,0,0,0,1,0,1,1,1,4,2,1,0,1,1,1,1,0,1,n
\program_source_code\org\eehouse\android\xw4\jni\BoardHandler.java,0,0,0,0,0,0,0,0,0,1,0,0,0,0,0,0,3,0,0,0,0,0,0,0,0,1,0,4,0,0,0,0,0,0,0,2,2,0,0,0,0,0,0,0,1,0,1,0,0,1,1,3,1,1,1,1,0,0,1,0,0,0,2,0,0,0,1,0,0,0,0,0,0,0,0,0,0,0,0,0,0,0,0,0,0,0,0,0,0,0,0,0,0,0,0,0,0,0,0,2,0,0,0,0,0,2,1,0,1,1,0,0,0,0,0,0,0,0,0,0,0,0,2,0,4,0,0,0,0,1,0,0,0,0,0,1,0,0,0,0,0,0,0,0,0,0,0,0,0,0,0,0,0,0,0,0,0,0,0,0,0,0,1,0,0,0,0,1,3,0,0,2,0,0,1,0,0,2,1,0,0,5,1,0,0,0,0,0,2,0,2,3,2,4,1,5,0,0,0,1,0,1,1,0,0,1,0,0,0,0,0,0,1,0,0,0,0,0,0,0,0,0,0,0,0,0,0,0,0,0,0,0,0,0,0,0,0,0,0,0,0,0,0,0,0,0,0,0,0,0,0,6,5,0,4,0,0,0,0,0,0,0,0,0,0,0,0,4,0,0,0,0,1,0,0,0,0,0,0,0,0,0,0,0,0,0,0,0,0,0,0,0,0,0,0,0,0,0,0,0,0,0,0,0,0,0,0,0,0,0,0,0,0,0,0,0,0,0,1,0,0,0,1,0,1,0,0,0,0,1,0,0,1,1,0,0,0,0,0,1,0,0,0,0,0,0,0,0,1,0,0,0,2,0,0,1,1,1,1,0,1,n
\program_source_code\org\eehouse\android\xw4\jni\CommsAddrRec.java,0,0,0,0,1,2,6,0,5,0,1,0,0,0,0,0,3,0,0,0,0,0,0,0,0,0,0,10,0,0,0,3,0,0,0,2,0,0,1,0,0,0,0,0,1,0,1,0,0,1,1,5,1,3,2,1,0,0,2,4,0,0,2,0,0,1,1,2,1,1,0,0,0,0,0,0,1,0,0,1,0,0,0,0,1,1,4,6,0,0,0,0,0,0,0,0,0,0,0,2,0,1,0,0,0,3,1,0,1,1,0,1,0,0,0,0,2,2,0,2,2,0,2,0,6,0,4,0,0,1,0,0,0,0,0,0,0,0,0,0,0,0,0,0,2,2,0,0,0,0,0,0,0,0,0,3,0,0,0,0,0,0,0,0,0,0,0,1,3,0,0,2,0,0,3,0,4,4,2,0,0,7,2,2,0,0,0,0,2,0,2,4,2,5,1,5,0,2,2,1,0,1,1,0,0,1,0,0,0,0,0,0,1,0,3,0,0,0,0,0,0,0,0,0,0,0,0,0,0,0,0,0,0,0,0,0,0,0,0,0,1,0,0,1,0,0,0,0,0,1,0,9,6,0,4,0,0,0,0,0,0,0,0,0,4,0,1,10,0,3,0,0,0,0,0,0,0,0,0,0,1,1,0,0,0,0,0,0,0,0,0,0,0,0,0,0,0,0,0,0,0,0,0,0,0,0,0,0,0,0,0,0,0,0,3,0,0,0,1,0,0,1,2,0,0,1,0,0,0,1,0,3,1,1,0,0,0,3,1,1,0,0,0,0,0,1,2,2,1,1,0,0,2,3,0,2,1,1,1,0,2,n
\program_source_code\org\eehouse\android\xw4\jni\DrawCtx.java,0,0,0,0,0,0,0,0,0,0,0,0,0,0,0,0,3,0,0,0,0,0,0,0,0,0,0,10,0,0,0,6,0,0,0,2,0,0,0,0,0,0,0,0,1,0,1,0,0,1,1,3,1,2,1,1,0,0,1,5,0,0,2,0,0,0,1,0,0,0,0,0,0,0,0,0,0,0,0,0,0,0,0,0,0,0,0,0,0,0,0,0,0,0,2,0,0,0,0,3,0,0,0,0,0,2,1,0,1,1,0,0,0,0,0,0,0,0,0,10,10,0,3,0,4,0,0,0,0,1,0,0,0,0,0,0,0,0,0,0,0,0,0,0,0,0,0,0,0,0,0,0,0,0,0,6,0,0,0,0,0,0,0,0,0,0,0,1,3,1,0,3,0,0,1,0,1,10,10,0,0,10,10,10,0,0,0,0,3,0,3,4,3,10,1,6,0,0,0,1,0,1,1,0,0,1,0,0,0,0,0,0,1,0,0,0,0,0,0,0,0,0,0,0,0,0,0,0,0,0,0,0,0,0,1,0,0,0,0,0,0,0,0,0,0,0,0,0,1,0,0,6,5,0,4,0,0,0,0,1,1,2,1,1,1,0,0,10,0,6,0,0,0,0,0,0,0,0,0,0,0,0,0,0,0,0,0,0,0,0,0,0,0,0,0,0,0,0,0,0,0,0,0,1,0,0,0,0,0,0,0,10,0,0,6,0,0,0,1,0,0,0,1,0,0,2,0,0,0,1,0,6,1,1,1,0,1,6,0,1,0,0,0,0,0,0,0,0,1,0,0,0,3,6,0,1,4,1,1,0,1,n
\program_source_code\org\eehouse\android\xw4\jni\DrawScoreInfo.java,0,0,0,0,1,0,0,0,0,0,0,0,0,0,0,0,3,0,0,0,0,0,0,0,0,0,0,10,0,0,0,1,0,0,0,2,0,0,0,0,0,0,0,0,1,0,1,0,0,1,1,3,1,1,1,2,0,0,1,4,0,0,2,0,0,0,1,0,0,0,0,0,0,0,0,0,1,0,0,0,0,0,0,0,0,0,0,0,0,0,0,0,0,0,0,0,0,0,0,2,0,1,0,0,0,2,1,0,1,1,0,0,0,0,0,0,0,0,0,0,0,0,2,0,4,0,0,0,0,1,0,0,0,0,0,0,0,0,0,0,0,0,0,0,0,0,0,0,0,0,0,0,0,0,0,1,0,0,0,0,0,0,0,0,0,0,0,1,3,0,0,2,0,0,1,0,0,5,4,0,0,8,4,0,0,0,0,0,2,0,2,3,2,7,1,5,0,0,0,1,0,1,1,0,0,1,0,0,0,0,0,0,1,0,0,0,0,0,0,0,0,0,0,0,0,0,0,0,0,0,0,0,0,0,0,1,1,0,0,0,0,0,0,0,0,0,0,0,0,1,0,6,5,0,4,0,0,0,0,0,0,1,0,0,0,0,0,10,0,1,0,0,0,0,0,0,0,0,0,0,0,0,0,0,0,0,0,0,0,0,0,0,0,0,0,0,0,0,0,0,0,0,0,0,0,0,0,0,0,0,0,0,0,0,1,0,0,0,1,0,0,1,1,0,0,0,0,0,0,1,0,1,1,1,0,0,0,1,0,1,0,0,0,0,0,2,2,2,1,2,0,0,2,1,0,1,1,1,1,0,1,n
\program_source_code\org\eehouse\android\xw4\jni\GameSummary.java,0,0,0,0,1,0,1,0,0,1,0,0,0,0,0,0,3,0,1,0,0,0,0,0,0,0,0,10,0,0,0,3,0,0,0,2,0,0,0,0,0,0,0,0,1,0,1,0,0,1,1,4,1,1,1,1,0,0,2,3,0,0,2,0,0,0,1,0,0,1,0,0,0,0,0,0,1,1,1,1,0,0,0,0,1,0,0,0,0,1,0,0,0,0,0,0,0,0,0,2,0,0,0,0,0,2,1,0,1,1,0,0,0,0,0,0,0,0,0,0,0,0,2,0,4,0,0,0,0,1,0,0,0,1,0,0,0,0,1,0,0,0,0,0,0,0,0,0,0,0,0,0,0,0,0,3,0,0,0,0,0,0,0,0,0,0,0,1,3,0,0,2,0,0,1,0,0,5,3,0,0,8,3,0,0,0,0,0,2,0,2,4,2,6,1,5,0,0,0,1,0,1,1,0,0,1,0,0,0,0,0,0,1,0,0,0,0,0,0,0,0,0,0,1,0,0,0,0,0,0,0,0,0,0,1,0,0,0,0,0,0,0,0,0,0,0,0,1,1,0,0,6,5,0,4,0,0,0,0,0,0,0,0,1,0,0,0,10,0,3,0,0,0,0,0,0,0,0,0,0,1,1,0,0,0,2,0,0,0,1,0,0,0,0,0,0,0,0,0,0,0,0,0,0,0,0,0,0,0,0,0,0,0,0,3,0,0,0,1,0,0,0,2,0,0,0,0,0,0,2,0,3,2,2,0,0,0,3,1,2,0,0,0,0,0,0,0,0,1,0,0,0,2,3,0,1,1,1,1,0,1,n
\program_source_code\org\eehouse\android\xw4\jni\JNIUtils.java,0,0,0,0,0,0,0,0,0,0,0,0,0,0,0,0,3,0,0,0,0,0,0,0,0,0,0,4,0,0,0,1,0,0,0,2,0,0,0,0,0,0,0,0,1,0,1,0,0,1,1,5,1,2,1,1,0,0,2,1,0,0,3,1,1,0,2,0,0,1,0,0,0,0,0,0,0,0,0,1,0,0,0,0,1,0,0,0,0,0,0,0,0,0,0,0,0,0,0,2,0,1,0,0,0,2,1,0,1,1,0,0,0,0,0,0,0,0,0,0,0,0,2,0,4,0,0,0,0,1,0,0,0,0,0,0,0,0,0,0,0,0,0,0,0,0,0,0,0,0,0,0,0,0,0,1,0,0,0,0,0,0,0,0,0,0,0,1,3,0,0,2,0,0,1,0,1,2,0,0,0,5,0,0,0,0,0,0,2,0,2,4,2,3,1,5,0,0,0,1,0,1,1,0,0,1,0,0,0,0,0,0,1,0,0,0,0,0,0,0,0,0,0,0,0,0,0,0,0,0,0,0,0,0,0,0,0,0,0,0,0,0,0,0,0,0,0,0,0,0,0,6,5,0,4,0,0,0,0,0,0,0,0,0,1,0,0,4,0,1,0,0,0,0,0,0,0,0,0,0,0,0,0,0,0,0,0,0,0,0,0,0,0,0,0,0,0,0,0,0,0,0,0,0,0,0,0,0,0,0,0,0,0,0,1,0,0,0,1,0,0,1,1,0,0,0,0,0,0,1,0,1,1,1,0,0,0,1,0,1,0,0,0,0,0,0,0,0,1,0,0,0,2,1,0,1,1,1,1,0,1,n
\program_source_code\org\eehouse\android\xw4\jni\JNIUtilsImpl.java,0,0,0,0,1,0,0,0,0,0,2,0,0,1,0,0,3,0,0,0,0,1,0,0,0,0,0,6,0,0,0,10,0,0,0,2,1,0,2,0,0,0,0,0,1,0,4,1,1,1,1,6,3,4,1,1,0,0,2,1,1,0,3,1,1,3,1,0,3,1,0,0,0,0,0,0,1,0,0,1,0,0,0,0,1,0,0,0,0,0,1,0,0,0,0,0,0,0,0,3,0,2,0,0,0,3,1,2,1,1,0,1,0,0,0,0,0,0,0,0,0,0,3,0,5,1,1,0,0,1,0,0,0,0,0,0,0,0,0,1,0,0,0,0,0,0,0,0,0,0,0,0,0,0,0,10,0,0,1,1,1,0,0,0,0,0,0,1,5,0,0,3,0,2,4,0,6,4,3,0,0,10,5,0,0,0,6,6,7,0,3,4,7,8,1,8,0,5,5,1,0,1,1,0,0,1,0,0,0,0,0,2,1,0,0,0,0,0,0,0,0,0,0,0,0,0,0,0,3,0,0,0,0,0,0,0,0,0,0,0,0,0,8,0,4,2,0,2,0,2,2,8,6,0,4,0,2,0,0,0,0,0,0,0,6,0,2,6,0,10,0,0,1,0,0,0,0,0,0,2,3,2,0,0,0,2,0,0,0,0,0,0,0,3,0,0,0,0,0,0,0,0,0,0,1,0,0,0,0,0,4,2,0,0,10,4,1,0,3,0,0,0,1,0,1,2,0,0,0,1,1,10,1,1,2,0,2,9,3,1,1,0,0,0,0,0,0,0,1,0,1,0,3,10,0,1,3,3,1,2,2,n
\program_source_code\org\eehouse\android\xw4\jni\SyncedDraw.java,0,0,0,0,0,0,0,0,0,0,0,0,0,0,0,0,3,0,0,0,0,0,0,0,0,0,0,4,0,0,0,0,0,0,0,2,0,0,0,0,0,0,0,0,1,0,1,0,0,1,1,4,1,2,1,1,0,0,2,0,0,0,2,0,0,0,1,0,0,1,0,0,0,0,0,0,0,0,0,1,0,0,0,0,1,0,0,0,0,0,0,0,0,0,0,0,0,0,0,2,0,0,0,0,0,2,1,0,1,1,0,0,0,0,0,0,0,0,0,1,1,0,2,0,4,0,0,0,0,1,0,0,0,0,0,0,0,0,0,0,0,0,0,0,0,0,0,0,0,0,0,0,0,0,0,0,0,0,0,0,0,0,0,0,0,0,0,1,3,0,0,2,0,0,1,0,1,2,1,0,0,5,1,1,0,0,0,0,2,0,2,3,2,4,1,5,0,0,0,1,0,1,1,0,0,1,0,0,0,0,0,0,1,0,0,0,0,0,0,0,0,0,0,0,0,0,0,0,0,0,0,0,0,0,0,0,0,0,0,0,0,0,0,0,0,0,0,0,0,0,0,6,5,0,4,0,0,0,0,0,0,0,0,0,1,0,0,4,0,0,0,0,0,0,0,0,0,0,0,0,0,0,0,0,0,0,0,0,0,0,0,0,0,0,0,0,0,0,0,0,0,0,0,0,0,0,0,0,0,0,0,0,0,0,0,0,0,0,1,0,0,0,1,0,0,0,0,0,0,1,0,0,1,1,0,0,0,0,0,1,0,0,0,0,0,0,0,0,1,0,0,0,2,0,0,1,1,1,1,0,1,n
\program_source_code\org\eehouse\android\xw4\jni\TransportProcs.java,0,0,0,0,0,0,1,0,0,0,0,0,0,0,0,0,3,0,0,0,0,0,0,0,0,0,0,5,0,0,0,1,0,0,0,2,0,0,0,0,0,0,0,0,1,0,1,1,1,1,1,4,1,1,1,1,0,0,2,1,0,0,3,1,1,0,1,0,0,1,0,0,0,0,0,0,0,0,0,1,0,0,0,0,1,0,0,0,0,0,0,0,0,0,0,0,0,0,0,2,0,0,0,0,0,2,1,0,1,1,0,0,0,0,0,0,0,0,0,1,1,0,2,0,4,0,0,0,0,1,0,0,0,0,0,0,0,0,0,0,0,0,0,0,0,0,0,0,0,0,0,0,0,0,0,1,0,0,0,0,0,0,0,0,0,0,0,1,3,0,0,2,0,0,1,0,0,4,3,0,0,7,3,1,0,0,0,0,2,0,2,3,2,6,1,5,0,0,0,1,0,1,1,0,0,1,0,0,0,0,0,0,1,0,0,0,0,0,0,0,0,1,0,0,0,0,0,0,0,0,0,0,0,0,0,0,0,0,0,0,0,0,0,0,0,0,0,0,0,0,0,6,5,0,4,0,0,0,0,0,0,0,0,0,0,0,0,5,0,1,0,0,0,0,0,0,0,0,0,0,0,0,1,1,0,0,0,0,0,0,0,0,0,0,0,0,0,0,0,0,0,0,0,0,0,0,0,0,0,0,0,1,0,0,1,0,0,0,1,0,0,0,1,0,0,0,0,0,0,1,0,1,1,1,0,0,0,1,0,1,0,0,0,0,0,0,0,0,1,0,0,0,2,1,0,1,1,1,1,0,1,n
\program_source_code\org\eehouse\android\xw4\jni\UtilCtxt.java,0,0,0,0,0,0,0,0,0,0,0,0,0,0,0,0,3,0,0,0,0,0,0,0,0,0,0,8,0,0,0,7,0,0,0,2,0,0,0,0,0,0,0,0,1,0,2,1,1,1,1,5,2,1,2,1,0,0,2,5,0,0,2,0,0,0,2,0,0,1,0,0,0,0,0,0,0,0,0,1,0,0,0,0,1,0,0,0,0,0,1,0,0,0,0,0,0,0,0,3,0,0,0,0,0,2,1,0,1,1,0,0,0,0,0,0,0,0,0,10,10,0,3,0,5,0,0,0,0,1,0,0,0,0,0,0,0,0,0,0,0,0,0,0,0,0,0,0,0,0,0,0,0,0,0,8,1,0,0,0,0,0,0,0,0,0,0,1,3,0,2,5,0,0,1,0,0,10,10,0,0,10,10,10,0,0,0,0,3,0,3,5,3,10,1,6,0,0,0,1,0,1,1,0,0,1,0,0,0,0,0,0,1,0,0,0,0,0,0,0,0,0,0,1,0,0,0,0,0,0,0,0,2,1,0,1,1,1,1,1,0,0,0,0,0,0,0,0,0,2,2,7,5,0,4,0,0,0,0,0,0,1,0,0,0,0,0,8,0,7,0,0,0,0,0,0,0,0,0,0,1,0,0,0,0,0,0,0,0,0,0,0,0,0,0,0,0,0,0,0,0,0,0,0,0,0,0,0,0,0,0,10,0,0,7,0,0,0,1,0,0,1,1,0,0,1,0,0,0,3,0,7,3,3,0,0,0,7,1,3,0,1,1,0,0,0,0,0,1,0,0,0,3,7,0,1,1,1,1,0,1,n
\program_source_code\org\eehouse\android\xw4\BoardActivity.java,5,7,10,1,4,6,0,3,0,3,10,0,5,1,0,0,5,0,0,3,8,1,0,0,6,10,2,10,10,1,1,10,2,2,4,4,10,2,10,1,1,2,10,10,10,3,9,0,0,4,2,10,9,10,1,3,7,3,2,10,10,6,4,2,2,2,5,10,2,10,0,0,0,0,2,2,4,0,0,10,2,0,0,0,1,4,4,4,8,8,2,2,8,8,1,1,1,5,0,10,0,7,0,0,1,5,1,9,5,5,0,1,0,2,2,2,10,9,3,10,10,3,9,6,9,6,6,3,1,1,5,7,1,6,1,0,1,0,6,3,1,1,0,0,0,0,0,1,0,4,0,1,1,1,1,10,10,4,2,2,3,10,0,1,1,1,1,3,8,3,10,10,0,2,10,3,10,10,10,1,0,10,10,10,1,1,0,2,9,0,9,10,9,10,1,10,2,2,2,10,10,10,10,1,1,4,2,0,2,4,4,10,2,2,0,5,2,10,10,1,8,8,10,10,0,0,0,0,2,10,1,1,10,10,1,3,3,2,1,2,1,0,10,1,1,5,1,10,0,10,7,10,9,3,8,0,3,8,0,3,3,5,3,3,10,5,10,10,0,10,0,3,8,1,0,2,0,0,1,10,10,10,8,6,10,6,0,0,1,0,0,1,4,2,1,5,1,0,5,0,4,0,0,3,0,0,0,6,2,2,10,10,7,4,10,10,10,0,10,4,4,5,4,1,8,10,0,0,0,10,0,10,10,10,1,9,1,10,10,10,1,3,4,2,2,2,2,1,1,1,1,10,9,10,0,6,10,3,1,4,4,v
\program_source_code\org\eehouse\android\xw4\BoardView.java,0,4,0,1,2,10,0,3,10,3,10,0,0,0,0,0,3,0,0,0,3,0,0,0,0,8,0,10,10,8,0,10,4,4,0,3,10,0,10,2,2,0,3,1,4,0,6,0,0,1,1,10,6,10,2,4,4,2,3,10,10,1,3,0,0,1,3,10,1,2,0,0,0,0,1,1,2,0,0,2,0,0,0,0,2,2,8,10,0,0,4,0,2,2,10,0,0,0,6,9,3,3,7,7,0,3,2,10,7,7,0,0,0,0,1,1,3,2,0,10,10,0,3,0,10,5,5,1,1,1,4,7,0,0,0,2,0,0,0,6,0,0,0,0,0,0,0,0,0,0,0,0,0,0,8,10,3,0,5,5,4,4,5,0,0,0,0,3,10,0,10,10,3,0,10,10,10,10,10,0,0,10,10,10,1,1,1,0,6,0,3,7,3,10,2,9,0,1,1,1,3,2,1,1,0,1,0,0,10,0,0,10,1,0,9,0,0,4,3,0,0,0,2,2,0,1,1,1,0,0,1,1,7,0,2,2,2,2,2,2,0,0,10,0,1,0,2,10,2,2,2,10,6,1,5,0,1,0,0,2,2,7,2,2,10,1,10,10,0,10,6,5,3,9,0,0,1,1,5,10,10,10,0,0,1,3,2,2,0,0,2,0,10,0,0,0,0,0,0,0,0,4,4,0,0,0,0,7,1,0,10,7,7,0,10,10,10,0,3,4,4,1,4,2,3,10,2,2,1,10,0,10,10,10,4,7,0,10,10,10,1,1,1,0,0,2,3,3,1,2,1,2,3,10,0,2,10,2,1,0,2,v
\program_source_code\org\eehouse\android\xw4\CommsTransport.java,0,5,0,0,3,0,4,0,5,1,10,0,2,6,0,0,3,0,0,0,5,6,0,0,5,5,0,10,5,0,0,10,0,0,0,3,6,0,10,0,0,0,1,0,1,0,6,2,10,1,1,10,3,10,2,3,5,1,2,5,10,0,7,6,6,10,4,10,10,1,0,0,5,10,0,0,3,2,2,1,1,1,0,1,2,2,4,10,0,0,2,1,1,1,0,0,0,0,0,3,0,3,1,1,2,5,5,8,2,2,0,6,0,0,3,2,7,5,1,8,8,0,3,0,6,0,0,3,1,1,0,2,0,0,0,0,0,0,0,2,0,0,2,2,0,0,0,0,0,3,0,0,0,0,0,10,1,0,2,2,2,1,0,0,0,3,3,3,8,5,2,3,0,10,10,0,10,10,10,0,0,10,10,8,0,0,10,10,5,0,5,6,3,10,5,10,0,10,10,5,5,6,3,3,2,1,0,9,6,0,0,10,1,0,8,0,0,0,5,2,0,6,0,2,0,0,0,0,10,3,1,1,2,0,0,1,1,0,0,0,3,0,7,3,10,1,0,10,0,0,0,10,8,10,4,0,1,0,0,0,0,0,0,0,10,0,10,10,2,10,1,2,3,0,0,4,0,0,2,0,2,2,6,4,1,9,0,0,0,0,0,0,0,10,2,0,0,0,0,0,0,2,2,5,3,1,2,2,2,2,5,6,2,0,10,5,5,0,4,6,6,3,3,0,3,10,0,0,0,10,0,10,10,10,8,2,8,10,2,10,2,1,1,0,0,2,2,2,1,2,2,0,3,10,2,2,4,2,1,0,4,v
\program_source_code\org\eehouse\android\xw4\DBUtils.java,0,2,0,0,1,0,1,0,10,0,3,0,0,1,0,0,3,0,7,0,0,1,0,1,0,0,0,9,0,0,0,10,2,2,0,2,0,0,3,0,0,0,0,0,1,0,2,1,1,1,2,4,1,7,1,1,2,1,2,0,1,0,2,0,0,1,1,0,1,3,0,0,0,0,0,0,1,8,8,3,0,0,0,0,1,2,10,10,0,0,2,0,0,0,0,0,0,0,0,2,0,0,0,0,0,3,1,1,1,1,3,1,0,0,0,2,1,1,2,0,0,0,2,0,7,2,2,0,1,1,0,0,0,0,0,0,0,0,0,0,0,0,0,0,0,0,0,5,1,5,0,0,1,1,0,10,6,0,0,0,0,6,0,0,0,0,0,1,3,0,5,7,5,0,10,4,9,7,10,0,0,10,6,0,0,0,0,0,7,0,2,3,2,9,1,5,0,2,2,1,0,2,1,1,0,1,0,0,1,0,0,2,2,0,10,0,0,0,0,0,3,0,0,0,0,0,0,0,1,0,0,0,0,0,2,0,0,0,0,0,0,0,9,0,0,0,0,10,2,0,0,10,6,0,4,0,0,3,3,0,0,0,0,2,9,0,2,9,9,10,0,0,0,0,0,0,0,0,0,7,3,3,0,0,0,5,0,0,0,7,0,0,3,1,0,0,0,5,0,10,0,0,0,0,2,0,0,4,0,0,0,7,4,0,10,0,0,10,1,5,5,0,1,0,0,2,0,0,0,1,1,10,1,1,1,1,1,10,3,1,2,0,0,0,0,0,0,0,1,0,2,0,2,10,0,1,1,1,1,0,2,v
\program_source_code\org\eehouse\android\xw4\DictImportActivity.java,1,2,0,0,3,0,0,0,0,0,8,3,0,4,2,6,3,0,0,1,0,4,6,1,9,0,0,4,5,0,0,10,0,0,3,2,0,7,8,0,0,2,0,0,1,1,1,0,0,1,2,4,1,9,1,1,2,1,2,0,0,0,2,0,0,4,1,0,4,1,0,0,0,0,0,0,3,1,1,1,0,0,0,0,1,1,1,1,0,0,1,0,0,0,0,0,0,0,0,4,0,1,0,0,0,2,1,2,1,1,0,4,0,0,0,0,0,0,0,0,0,2,4,2,5,1,1,2,1,1,0,0,0,0,1,0,0,0,0,0,1,1,0,0,0,0,6,1,1,3,0,1,2,2,0,10,1,3,0,0,0,1,0,0,0,0,0,1,3,0,2,6,0,4,4,4,10,3,2,0,6,6,2,0,0,0,8,8,4,0,4,5,4,5,1,7,7,7,7,0,0,1,0,1,0,1,1,0,1,0,0,8,2,0,0,0,0,0,0,0,4,0,3,0,0,0,0,0,4,0,0,0,2,0,0,0,0,0,0,0,4,0,4,4,4,1,0,2,0,1,1,7,5,2,4,6,1,4,4,0,0,0,0,0,10,0,3,4,0,10,0,0,0,0,0,0,0,0,0,2,2,2,0,0,0,7,0,0,0,0,0,0,0,4,0,0,1,0,0,0,3,0,0,0,0,0,0,0,0,0,1,0,0,0,8,1,1,0,1,0,0,0,1,0,0,8,0,0,0,1,0,10,1,1,2,0,2,8,2,1,0,0,0,10,10,2,2,2,1,2,0,3,4,7,0,1,1,1,1,1,1,v
\program_source_code\org\eehouse\android\xw4\DictLangCache.java,0,0,0,0,1,0,0,0,10,0,0,0,0,0,0,0,3,0,0,1,0,0,0,3,0,0,0,9,1,3,0,10,0,0,0,2,0,0,0,0,0,0,2,0,1,0,1,0,0,1,1,4,1,5,1,1,0,0,2,0,0,0,3,1,1,0,1,0,0,1,0,0,0,0,0,0,1,0,0,1,9,0,0,0,1,2,10,10,0,0,0,9,0,0,0,2,0,0,0,2,0,0,0,0,0,4,1,1,1,1,0,0,0,0,0,0,0,0,0,1,1,0,2,0,4,0,0,0,0,1,0,0,0,0,0,0,0,0,0,2,0,0,0,0,0,0,0,0,3,0,4,0,0,0,3,10,0,0,2,2,2,0,0,0,0,0,0,1,3,0,0,2,0,0,3,0,5,6,5,0,0,9,5,1,0,0,0,0,2,0,2,3,2,8,1,5,0,1,1,2,0,2,2,0,2,1,0,0,0,0,0,0,1,0,10,0,0,0,0,2,0,0,0,0,0,0,0,0,0,0,0,0,0,0,0,10,10,0,0,0,0,0,2,0,0,0,0,1,0,0,0,8,7,0,4,0,0,0,0,0,0,0,0,0,5,0,3,9,1,10,0,3,0,3,0,0,0,0,3,0,6,6,0,0,0,0,0,0,0,0,0,0,0,0,0,0,0,0,0,0,0,0,0,0,0,0,0,0,0,0,0,8,0,0,10,0,0,0,1,0,0,0,1,0,0,0,0,0,0,1,0,10,1,1,0,0,0,10,6,1,1,0,0,0,0,0,0,0,1,0,1,0,2,10,0,1,1,1,1,0,3,v
\program_source_code\org\eehouse\android\xw4\DlgDelegate.java,3,2,0,1,1,3,0,0,1,0,2,0,0,0,0,0,3,1,0,0,0,0,0,0,4,0,1,10,10,0,0,10,0,0,6,2,0,1,2,3,0,3,0,0,1,10,6,5,0,2,1,5,7,10,2,1,2,1,2,1,9,5,2,0,0,0,2,10,0,1,4,4,4,1,0,0,1,0,0,1,0,0,0,0,1,3,3,4,5,6,0,0,0,0,1,0,0,3,0,5,0,1,0,0,0,3,1,3,1,1,0,0,4,2,0,0,1,1,0,7,7,2,4,0,4,4,4,0,1,1,1,3,0,0,0,0,0,0,0,1,3,0,0,0,0,0,0,0,0,2,0,0,0,0,0,10,6,6,1,1,1,7,0,0,0,0,0,1,4,1,9,10,0,0,7,0,10,10,10,0,0,10,10,7,0,0,0,0,4,0,4,5,4,10,1,8,1,0,0,1,0,2,1,1,2,2,1,0,1,0,0,1,1,10,0,3,2,0,0,2,0,0,6,3,0,0,0,0,0,0,0,0,9,2,0,2,2,1,1,1,1,0,10,1,0,1,0,10,0,2,1,7,6,0,4,0,1,0,0,0,0,0,0,0,10,0,10,10,0,7,0,1,0,0,0,0,1,1,0,0,6,6,0,0,3,1,1,0,0,0,0,0,0,0,0,0,0,0,0,0,6,0,0,1,0,0,0,5,0,0,10,6,3,0,10,10,10,0,3,0,0,1,2,1,0,2,1,1,0,5,0,10,5,5,0,2,0,10,6,5,0,0,0,0,0,0,0,0,1,0,0,6,4,10,0,2,3,1,1,1,2,v
\program_source_code\org\eehouse\android\xw4\FirstRunDialog.java,0,0,0,0,1,0,0,0,10,0,3,2,0,4,0,7,3,0,0,0,0,4,7,0,1,0,1,4,4,1,0,8,2,5,1,3,1,0,3,0,0,0,0,0,1,0,1,0,0,2,1,5,2,8,2,1,0,0,2,3,0,1,2,0,0,4,2,0,4,1,1,1,1,1,2,0,1,1,1,1,0,0,0,0,1,4,10,10,1,1,1,0,0,0,0,0,0,0,0,2,0,2,1,0,2,2,1,0,1,1,0,4,1,0,0,0,0,0,0,4,4,0,2,0,4,0,0,0,0,1,0,0,1,0,0,0,0,0,0,0,0,0,0,0,0,0,7,1,0,1,0,0,0,0,1,6,0,1,0,0,0,1,0,0,0,0,0,1,3,2,0,2,0,4,7,0,10,5,3,0,7,8,3,3,0,0,8,8,2,0,2,4,2,6,1,5,0,4,4,0,0,0,0,0,0,2,0,0,1,0,0,3,1,0,9,0,0,0,0,0,0,0,3,0,0,0,0,0,4,0,0,0,0,0,0,0,0,0,0,0,0,0,5,0,4,1,0,5,0,2,1,6,5,0,4,7,1,0,0,0,0,0,0,0,10,0,3,4,0,6,1,0,3,5,0,0,0,0,1,0,1,1,0,0,0,0,0,0,0,0,0,0,0,4,0,0,0,1,0,0,1,0,0,2,0,0,0,0,0,0,2,4,0,0,5,2,2,0,2,0,0,1,1,0,1,3,0,0,0,3,0,6,3,3,3,0,3,5,1,3,0,1,1,0,0,0,1,0,1,1,0,3,2,5,1,1,2,2,1,2,1,v
\program_source_code\org\eehouse\android\xw4\GameConfig.java,1,3,1,9,2,4,10,0,0,8,10,0,2,1,1,0,5,9,0,6,0,1,0,1,5,0,6,10,10,0,1,10,0,0,6,2,0,2,10,10,0,2,7,4,5,2,7,6,6,2,3,7,1,10,2,1,3,0,2,10,10,10,2,0,0,1,3,10,2,1,2,2,2,1,1,1,2,0,0,1,1,1,1,1,1,2,2,2,5,5,0,1,0,0,2,4,4,6,0,4,0,1,0,0,0,4,2,10,3,3,1,1,2,6,2,2,9,7,0,10,10,10,2,6,10,6,6,3,1,1,6,0,0,0,1,7,1,1,7,1,1,1,0,0,2,2,0,3,1,4,1,1,1,1,0,10,9,6,1,1,1,9,0,0,0,0,0,1,3,1,10,10,0,0,10,10,10,10,10,1,0,10,10,10,0,0,1,1,2,1,2,4,2,10,2,5,2,2,2,2,0,3,2,1,0,2,10,0,7,1,1,4,3,1,0,6,6,10,0,0,10,1,10,0,1,1,0,1,2,1,0,0,10,2,10,10,10,4,4,1,1,1,10,1,4,3,1,10,9,2,1,10,9,7,6,0,0,10,0,0,0,6,6,10,10,4,10,10,0,10,0,1,0,0,2,1,1,1,1,0,10,10,1,1,1,4,4,1,0,0,1,0,0,1,0,1,1,2,1,0,9,0,0,1,2,0,0,1,0,0,10,6,0,0,10,10,10,0,7,0,0,3,2,1,0,10,0,0,2,4,2,10,3,3,1,6,1,10,10,4,1,1,1,2,2,1,1,0,1,1,1,10,2,10,0,2,7,2,1,0,3,v
\program_source_code\org\eehouse\android\xw4\GameListAdapter.java,0,1,0,0,1,0,0,0,8,3,2,0,1,1,0,1,3,2,1,5,0,1,1,1,0,0,0,9,6,0,0,7,0,0,7,2,0,0,2,10,0,0,1,0,1,0,1,0,0,1,1,4,1,10,1,1,1,0,2,0,0,0,3,1,1,1,1,0,1,1,0,0,0,0,0,0,1,0,0,1,1,0,0,0,1,1,6,10,0,0,0,1,0,0,0,1,0,0,0,2,0,0,0,0,0,4,1,1,1,1,1,1,0,3,0,0,0,0,0,2,1,5,2,0,5,1,1,1,1,1,1,0,0,0,3,0,0,0,0,1,0,0,0,0,0,0,1,0,1,0,0,3,0,0,0,7,0,7,1,1,1,0,6,1,1,0,0,1,3,0,5,7,0,0,4,0,10,6,5,0,1,9,5,2,0,0,1,1,2,0,2,3,2,8,1,5,0,2,2,2,0,3,2,1,0,1,10,0,2,0,0,1,1,0,10,0,3,0,0,0,7,0,10,0,0,2,0,2,1,0,0,0,5,0,1,0,0,0,0,0,0,0,3,0,1,0,0,4,0,0,0,9,7,1,4,0,0,7,7,0,0,1,1,1,10,0,4,9,1,7,0,0,0,0,0,0,0,0,0,0,3,3,0,0,0,3,0,0,1,1,0,1,0,1,0,0,0,0,0,6,7,0,0,0,0,0,0,0,1,1,0,0,0,3,7,0,0,5,1,0,0,0,1,0,0,1,0,0,0,1,0,7,1,1,1,0,1,7,3,1,1,0,0,0,0,0,0,0,1,0,1,10,2,7,0,1,1,1,1,0,3,v
\program_source_code\org\eehouse\android\xw4\GameUtils.java,3,0,1,0,3,7,4,1,10,10,10,3,2,9,4,10,4,0,7,7,0,9,7,1,10,0,0,10,1,0,1,10,0,0,0,3,5,5,10,0,0,3,10,0,4,10,7,10,10,1,2,8,5,9,3,4,1,0,2,10,2,0,10,10,10,10,3,0,10,1,1,1,1,1,0,0,3,5,5,1,0,3,1,3,1,4,10,10,0,0,0,0,0,0,0,4,1,10,0,2,1,2,0,0,1,4,1,0,1,1,2,9,1,0,2,10,9,5,10,0,0,0,8,2,10,1,1,3,0,1,0,10,1,3,1,10,3,1,5,9,3,0,0,0,2,2,7,0,1,7,0,1,0,0,0,10,1,0,9,9,9,1,10,2,2,1,1,4,3,0,0,2,0,7,10,5,10,10,10,3,7,10,10,0,0,0,10,10,9,2,2,10,2,10,1,6,5,10,10,2,0,2,2,0,2,1,0,10,2,3,3,10,2,7,10,10,0,0,0,2,10,0,0,0,0,0,1,0,10,0,0,0,0,0,2,10,10,1,1,1,1,0,10,1,10,0,1,10,2,2,1,10,8,3,5,3,0,10,10,1,1,1,1,3,10,0,6,10,0,10,0,2,5,2,2,0,0,0,2,0,10,10,0,0,0,4,0,1,10,7,1,10,0,10,0,1,0,0,1,9,0,0,0,0,2,0,0,10,0,0,1,10,10,10,10,1,3,6,1,3,3,1,2,1,5,10,0,0,0,5,2,10,5,5,7,3,7,10,10,5,1,0,0,4,4,1,1,1,1,1,1,0,2,10,2,2,1,1,1,0,3,v
\program_source_code\org\eehouse\android\xw4\GamesList.java,0,1,1,4,9,0,1,5,1,2,10,0,0,0,3,0,3,0,3,10,3,0,0,0,10,0,3,10,10,0,0,10,0,0,0,2,0,3,10,7,1,1,1,0,1,0,3,0,0,1,2,7,3,10,2,2,1,0,2,10,10,4,4,5,5,1,3,10,1,1,0,0,0,0,0,0,9,0,0,1,0,0,0,0,1,3,3,4,0,0,0,0,2,2,0,0,0,0,0,2,3,1,0,0,2,3,1,9,1,1,0,0,0,0,0,2,5,5,2,7,2,2,2,0,7,0,0,2,1,1,0,0,0,2,0,0,0,0,2,1,0,0,0,0,0,0,0,0,0,8,0,0,1,1,0,10,1,0,1,1,1,1,2,1,1,1,1,1,7,1,10,10,0,0,10,2,10,10,8,0,0,10,8,7,0,0,1,1,2,0,2,4,2,10,1,9,3,1,1,1,0,2,1,1,0,1,1,0,3,3,0,5,2,0,0,0,0,0,0,0,10,1,7,0,0,0,0,0,1,0,0,0,10,0,0,1,1,1,1,1,1,2,10,1,1,1,0,10,0,1,1,10,6,2,4,0,1,10,10,0,0,0,0,0,10,1,8,10,1,10,0,0,0,0,0,0,1,1,0,0,7,7,1,1,2,2,0,0,3,3,0,3,0,1,1,0,1,0,0,10,2,1,0,1,0,1,1,0,0,0,10,0,0,2,10,10,10,7,3,0,0,0,1,0,0,7,0,0,0,4,0,10,4,4,1,5,1,10,7,4,1,0,0,2,2,1,2,1,1,2,1,7,2,10,0,1,3,1,1,1,2,v
\program_source_code\org\eehouse\android\xw4\NetUtils.java,0,0,0,0,1,3,0,0,10,0,10,8,0,2,0,2,3,0,0,0,0,2,10,0,0,0,0,9,0,0,0,10,0,0,0,2,0,0,10,0,0,0,0,0,1,0,2,3,3,1,1,4,1,3,1,2,0,0,2,0,0,0,5,3,3,5,1,0,5,1,0,0,0,0,0,0,1,2,2,1,0,0,0,0,1,1,9,10,0,0,5,0,0,0,4,0,0,0,4,6,0,0,0,0,0,3,1,1,1,1,0,2,0,2,0,0,0,0,0,1,1,0,2,0,9,1,1,0,0,1,2,0,0,0,0,0,0,0,0,0,0,0,1,1,1,1,6,0,0,0,0,1,0,0,0,10,0,0,0,0,0,0,0,0,0,1,1,2,3,0,10,10,10,4,7,10,10,9,8,0,10,10,8,1,0,0,10,10,10,0,2,3,2,10,1,5,0,10,10,1,0,1,1,0,0,1,0,3,7,0,0,10,1,0,8,0,2,0,0,0,0,0,0,0,0,0,0,0,5,2,0,0,5,2,0,0,0,0,0,0,5,0,6,5,7,1,0,8,0,0,0,10,6,0,4,9,0,0,0,0,0,0,0,0,10,0,1,9,0,10,0,0,0,0,0,0,0,0,0,3,3,3,0,0,0,3,0,0,0,0,0,0,0,5,0,0,0,0,0,0,0,4,4,0,4,0,4,0,0,0,0,6,0,0,10,0,0,0,1,0,0,0,1,0,0,10,0,0,0,2,1,10,2,2,2,0,2,10,3,2,1,0,0,0,0,0,0,0,1,0,1,0,2,10,0,1,1,1,1,0,2,v
\program_source_code\org\eehouse\android\xw4\RefreshNamesTask.java,0,0,0,0,1,0,0,0,8,0,7,9,0,1,0,2,3,0,0,0,0,1,10,1,0,0,0,8,2,0,0,10,0,0,0,2,3,0,7,0,0,0,0,0,1,0,2,1,1,1,1,5,1,7,1,1,0,0,2,0,0,0,6,8,8,1,1,0,1,1,0,0,0,0,0,0,1,0,0,1,0,0,0,0,1,1,6,10,0,0,1,0,0,0,4,0,0,0,4,6,0,1,0,0,0,2,1,0,1,1,0,1,0,0,0,0,0,0,0,0,0,0,2,2,5,1,1,1,0,1,1,0,0,0,0,0,0,0,4,0,0,0,0,0,0,0,7,0,1,0,1,0,0,0,0,10,1,0,0,0,0,1,0,0,0,2,2,1,4,2,0,2,0,2,3,3,10,9,8,0,9,10,8,0,0,0,6,6,6,0,2,3,2,10,1,6,0,6,6,0,0,0,0,0,6,1,1,2,2,0,0,7,1,0,9,0,0,0,0,6,0,1,0,0,0,0,0,0,1,0,0,0,0,2,0,10,10,0,0,0,1,0,7,1,4,0,0,4,0,0,1,7,5,1,4,8,0,0,0,0,0,0,0,0,10,0,6,8,0,10,0,0,3,0,0,0,0,0,0,4,2,2,2,2,0,3,0,0,0,0,0,0,0,1,0,0,0,0,0,0,0,2,2,2,1,0,2,0,0,0,2,0,0,0,10,2,3,0,1,0,0,1,1,0,3,7,0,0,0,2,1,10,2,2,1,2,1,10,1,2,1,0,0,0,0,0,0,1,1,0,1,0,2,10,1,2,1,1,1,0,1,v
\program_source_code\org\eehouse\android\xw4\RelayGameActivity.java,1,2,0,5,3,2,2,2,0,2,2,0,0,0,1,0,3,0,1,4,0,0,0,0,2,0,0,7,8,0,0,10,0,0,3,3,0,2,2,3,0,2,5,0,1,2,2,0,0,1,1,5,2,9,1,1,2,0,2,1,0,5,2,0,0,0,1,0,0,1,0,0,0,0,1,1,3,0,0,1,0,1,1,1,1,1,1,1,1,1,0,0,1,1,0,0,0,1,0,4,1,0,0,0,0,3,1,4,1,1,0,0,0,0,1,1,2,1,0,0,0,3,4,2,5,1,1,1,1,1,1,0,0,1,0,5,1,1,1,0,1,1,0,0,2,2,0,1,0,2,1,0,1,1,0,8,1,3,0,0,0,1,0,0,0,0,0,1,4,0,5,9,0,0,7,0,10,3,2,1,0,7,2,0,0,0,1,1,4,0,4,5,4,6,1,8,2,1,1,1,0,2,1,1,2,1,1,0,2,1,1,0,1,1,0,1,0,6,0,2,9,4,4,1,1,0,1,0,0,0,0,0,5,0,1,4,4,1,1,1,1,1,2,1,1,0,0,0,1,0,0,8,6,1,4,0,0,9,0,0,0,0,0,1,10,0,5,7,0,7,0,0,0,0,2,1,0,0,0,0,1,1,4,4,0,0,0,0,0,1,0,0,0,0,0,0,1,0,0,2,3,0,0,0,0,0,0,0,0,0,2,1,0,0,10,2,3,2,1,0,0,0,2,0,0,2,0,0,0,2,0,8,2,2,0,0,0,9,1,2,0,1,1,2,2,0,0,0,1,0,0,4,4,9,0,1,1,1,1,0,2,v
\program_source_code\org\eehouse\android\xw4\Toolbar.java,1,1,0,5,2,0,0,0,1,0,0,0,0,0,0,0,3,2,0,0,0,0,0,0,0,0,0,10,10,0,0,0,0,0,0,2,0,0,0,10,0,3,0,0,1,8,1,0,0,1,1,4,1,9,1,1,1,0,2,2,0,5,2,0,0,0,1,0,0,1,0,0,0,0,0,0,2,0,0,1,0,0,0,0,1,2,2,3,0,0,0,0,0,0,0,0,0,0,0,2,0,2,0,0,0,3,1,3,1,1,0,0,0,0,0,0,0,0,0,10,10,2,2,0,6,0,0,0,1,1,0,0,0,0,0,0,0,0,0,0,1,0,0,0,0,0,0,0,0,0,0,0,0,0,0,0,0,0,0,0,0,0,0,0,0,0,0,1,3,1,10,10,2,0,4,0,10,10,10,0,0,10,10,10,0,0,0,0,6,0,2,3,2,10,1,5,0,1,1,1,0,2,1,1,0,1,0,0,0,0,0,0,1,7,0,0,0,0,0,0,0,0,3,0,0,0,0,0,0,0,0,0,10,0,0,0,0,0,0,0,0,0,8,0,0,0,2,0,0,0,0,9,6,0,4,0,0,0,0,0,0,0,0,0,10,0,7,10,0,0,0,0,0,0,0,0,0,0,0,0,0,0,0,0,0,0,0,0,0,0,0,0,0,0,0,0,0,0,0,0,0,0,0,1,0,0,0,0,0,0,0,9,0,0,0,0,0,0,1,0,0,0,1,2,0,0,0,0,0,1,0,0,1,1,0,0,0,0,0,1,1,0,0,0,0,0,0,0,1,0,1,3,4,0,0,1,1,1,1,0,2,v
\program_source_code\org\eehouse\android\xw4\Utils.java,7,1,0,0,1,1,0,0,7,0,2,0,0,0,0,0,3,0,0,0,0,0,0,4,9,2,0,10,0,0,0,10,0,0,3,2,2,3,2,1,0,7,0,0,1,10,1,0,0,1,2,4,1,10,1,1,1,0,2,4,0,0,2,0,0,2,1,0,2,1,0,0,0,0,0,0,1,0,0,1,0,0,0,0,1,2,6,9,0,0,1,0,0,0,0,0,0,0,0,2,0,0,0,0,0,3,1,0,1,1,0,0,0,0,0,0,0,0,0,2,2,8,2,0,4,7,10,0,1,1,0,8,0,0,0,0,0,0,0,0,7,0,0,1,0,0,0,4,4,8,0,0,0,0,0,10,0,3,0,0,0,0,0,0,0,0,0,1,3,1,10,10,0,0,3,0,10,10,10,0,0,10,10,2,0,0,0,0,2,0,2,3,2,10,1,5,3,2,2,1,0,2,1,1,1,1,0,0,0,0,0,5,2,10,4,0,0,0,0,1,0,0,1,0,0,0,0,0,2,0,0,0,10,2,0,0,0,0,0,0,1,0,3,1,0,0,0,2,0,0,0,7,6,0,4,0,0,0,0,0,0,0,0,0,10,0,2,10,0,10,0,0,2,0,0,0,0,0,0,0,9,9,0,0,0,0,5,0,0,0,0,0,0,2,0,0,0,4,0,0,3,0,0,1,0,0,0,8,0,0,0,10,8,0,10,0,0,0,1,0,0,0,1,0,2,2,5,2,0,1,0,10,1,1,2,0,2,10,9,1,2,0,0,2,2,0,0,0,1,0,2,1,2,10,0,1,1,1,1,0,2,v
\program_source_code\org\eehouse\android\xw4\jni\CommonPrefs.java,0,1,0,0,2,7,0,0,10,4,3,0,0,5,0,0,3,0,0,3,0,5,0,4,0,0,0,10,10,3,0,10,0,0,0,2,0,0,3,0,0,0,0,0,1,0,1,0,0,1,2,4,1,9,1,1,1,0,2,10,1,0,2,0,0,5,1,0,5,1,0,0,0,0,0,0,2,0,0,1,0,0,0,0,1,3,10,10,0,0,1,0,0,0,0,0,0,0,0,2,0,0,0,0,0,5,1,0,1,1,5,5,0,0,0,0,7,7,0,4,4,0,2,0,8,0,0,0,1,1,0,0,0,0,0,0,0,0,3,1,0,0,1,2,2,2,0,1,4,1,0,0,0,0,3,10,10,0,1,1,1,10,0,0,0,0,0,1,3,0,7,10,6,0,4,10,9,10,10,0,0,10,10,4,0,0,0,0,5,0,2,3,2,10,1,5,0,0,0,1,0,2,1,1,0,1,0,0,4,0,0,2,2,0,10,0,0,0,0,0,0,0,0,0,0,0,0,0,5,0,1,1,4,0,0,5,5,0,0,0,0,0,4,0,0,0,0,2,0,0,0,10,8,0,4,0,0,0,0,0,0,0,0,0,9,0,6,10,0,10,0,3,0,3,0,0,0,0,3,10,10,10,0,0,0,0,0,0,0,0,0,0,0,5,0,0,0,1,0,0,0,0,0,0,0,0,0,0,0,0,10,10,0,0,10,10,10,0,1,0,0,0,1,0,0,3,0,0,0,1,0,10,1,1,5,4,5,10,10,1,0,0,0,0,0,0,0,0,1,0,0,0,2,10,0,1,1,1,1,0,4,v
\program_source_code\org\eehouse\android\xw4\jni\CurGameInfo.java,0,6,0,0,1,5,1,0,10,6,2,0,10,1,0,0,4,0,3,1,0,1,0,0,0,0,0,10,8,0,6,10,2,2,0,2,0,0,2,0,1,0,0,1,2,0,3,1,1,1,1,9,5,6,3,2,6,4,2,10,3,0,4,0,0,1,4,0,1,1,3,3,3,1,0,0,1,0,0,1,1,0,0,0,1,6,10,10,1,1,2,1,0,0,0,0,6,6,0,3,0,1,0,0,2,6,2,5,1,1,1,1,3,0,0,0,7,7,0,2,2,0,3,2,10,4,9,0,1,1,1,0,1,5,0,0,0,0,7,0,0,0,1,1,0,0,0,0,0,0,0,0,0,0,0,10,7,0,0,0,0,7,0,0,0,0,0,1,4,0,0,3,0,0,10,10,7,10,10,0,0,10,10,2,1,1,0,0,3,0,3,6,3,10,2,7,0,1,1,3,0,4,3,1,0,1,0,0,0,0,0,1,1,0,10,6,0,0,0,0,0,0,0,0,1,1,1,1,1,0,0,0,0,0,10,10,10,0,0,0,0,3,8,0,0,0,1,5,10,3,2,10,10,0,5,0,0,0,0,4,4,10,10,10,7,0,3,10,0,10,0,1,0,0,0,0,1,1,1,7,10,10,0,0,0,2,0,0,0,3,0,0,4,1,0,10,0,0,10,10,0,0,0,0,0,1,0,0,0,1,7,1,0,0,10,9,7,10,3,0,0,2,2,1,0,2,0,0,4,6,0,10,6,5,1,6,1,10,10,5,1,2,2,0,0,0,1,1,1,0,1,0,4,10,0,1,3,3,1,0,5,v
\program_source_code\org\eehouse\android\xw4\jni\JNIThread.java,0,0,0,1,3,1,0,0,5,3,7,0,3,0,0,0,3,0,3,2,5,0,0,10,0,3,0,10,5,0,1,7,0,0,0,2,6,0,7,0,0,0,10,0,2,0,3,1,1,1,1,6,2,10,1,3,0,0,3,10,10,1,5,2,2,2,2,10,3,10,0,0,0,0,0,0,3,0,0,10,1,0,0,0,1,1,3,10,1,1,0,1,1,1,0,0,0,0,10,10,0,1,10,10,1,9,4,3,1,1,0,0,0,0,0,0,8,8,0,7,6,0,2,0,5,0,0,2,0,1,0,0,1,0,0,2,0,0,0,1,0,0,0,0,0,0,0,0,10,0,0,0,0,0,0,6,0,0,1,1,1,0,2,0,0,2,2,3,7,0,0,2,0,3,10,0,10,10,10,0,0,10,10,7,1,1,0,3,3,1,2,6,2,10,4,9,0,4,4,2,10,2,2,0,2,1,0,0,0,0,0,4,1,0,7,0,0,6,10,2,6,0,1,0,1,0,1,0,2,10,0,0,0,0,1,0,0,1,1,1,1,0,5,1,0,0,0,3,1,0,0,10,10,2,4,0,0,6,2,0,0,0,0,1,10,0,10,10,0,6,10,0,4,1,0,1,0,0,0,3,5,5,0,0,3,2,0,0,1,3,0,1,0,3,1,2,0,0,2,4,0,0,0,0,0,1,0,0,4,4,1,6,0,0,5,1,1,3,4,2,2,2,2,0,4,5,0,0,1,4,0,6,4,4,3,10,2,5,5,4,2,1,1,0,0,1,1,1,1,1,2,1,2,5,2,1,7,2,1,0,8,v
\program_source_code\org\eehouse\android\xw4\jni\LocalPlayer.java,0,0,0,0,1,0,0,0,4,0,0,0,0,0,0,0,3,0,0,0,0,0,0,0,0,0,0,10,2,0,0,8,0,0,0,2,0,0,0,0,0,0,0,0,1,0,1,0,0,1,1,4,1,3,1,1,0,0,2,2,0,0,2,0,0,0,1,0,0,1,0,0,0,0,0,0,1,0,0,1,0,0,0,0,1,1,3,5,0,0,0,0,0,0,0,0,0,0,0,2,0,0,0,0,0,3,1,0,1,1,0,0,0,0,0,0,1,1,0,1,1,0,2,2,4,1,1,0,0,1,0,0,0,0,0,0,0,0,0,0,0,0,0,0,0,0,0,0,0,0,0,0,0,0,0,7,1,0,0,0,0,1,0,0,0,0,0,1,3,0,0,2,0,0,3,0,2,3,2,0,0,6,2,1,0,0,0,0,2,0,2,3,2,5,1,5,0,0,0,1,0,1,1,0,0,1,0,0,0,0,0,0,1,0,2,0,0,0,0,0,0,0,0,0,0,0,0,0,0,0,0,0,0,0,0,5,5,0,0,0,0,0,2,0,0,0,0,2,0,0,0,7,6,0,4,0,0,0,0,0,0,1,1,1,2,0,0,10,0,6,0,0,0,0,0,0,0,0,0,0,0,0,0,0,0,0,0,0,0,0,0,0,0,0,0,0,0,0,0,0,0,0,0,0,0,0,0,0,0,0,1,0,0,0,7,1,1,0,1,0,0,0,1,0,0,0,0,0,0,1,0,7,1,1,0,1,0,7,0,1,0,0,0,0,0,0,0,0,1,0,0,0,2,7,0,1,1,1,1,0,2,v
\program_source_code\org\eehouse\android\xw4\jni\XwJNI.java,1,0,1,0,2,5,3,0,0,7,0,0,0,0,0,0,5,0,1,0,0,0,0,0,0,0,0,10,0,0,0,10,0,0,0,3,0,0,0,0,0,1,1,0,1,1,1,3,3,1,1,4,1,1,1,2,0,0,2,10,0,0,10,10,10,0,1,0,0,1,0,0,0,0,0,0,2,0,0,1,0,2,1,2,1,0,0,0,0,0,0,0,0,0,0,7,0,6,0,3,0,0,2,2,0,2,1,0,1,1,0,0,0,0,0,0,0,0,1,3,3,0,3,0,7,0,0,0,0,1,1,0,0,1,0,10,1,1,1,0,1,0,0,0,0,0,0,0,0,0,0,0,0,0,0,10,0,0,0,0,0,0,9,2,2,0,0,2,4,1,0,3,0,0,1,0,0,10,10,1,0,10,10,3,0,0,0,0,4,1,3,6,3,10,1,7,0,2,2,10,0,4,10,0,0,1,0,0,0,0,0,0,1,0,0,6,0,0,0,0,0,0,0,3,0,0,0,0,0,0,4,5,0,1,1,0,0,1,0,1,0,0,0,0,0,0,0,6,1,1,0,9,7,0,6,0,0,0,0,1,1,1,0,1,0,0,0,10,0,10,2,0,0,0,1,0,0,0,0,0,1,1,0,0,0,0,0,1,0,1,1,0,0,0,0,0,0,0,0,1,0,0,0,1,0,0,0,1,0,0,0,10,0,5,10,0,0,1,1,0,0,2,2,0,0,0,1,1,0,8,0,10,5,8,0,0,0,10,1,5,2,1,1,0,0,1,1,1,1,1,2,0,3,10,0,1,4,1,1,1,1,v
